Τ1	Tεχνολογικά Ατυχήματα	Εκπόνηση μελετών	Kατάρτιση μελετών ασφαλείας των εγκαταστάσεων	Πρόληψη	Εγκαταστάσεις	-	-
Τ2	Tεχνολογικά Ατυχήματα	Αδειοδότηση	Αδειοδότηση των εγκαταστάσεων	Πρόληψη	Υπουργείο Ανάπτυξης, ΥΠΕΚΑ, Περιφέρειες	-	-
Τ3	Tεχνολογικά Ατυχήματα	Ενέργειες σχεδιασμού	Σχεδιασμός χρήσεων γης. Θεώρηση από τους φορείς χωροταξικού και πολεοδομικού σχεδιασμού των στόχων πρόληψης των μεγάλων τεχνολογικών ατυχημάτων και του περιορισμού των συνεπειών τους, κατά την κατάρτιση των σχεδίων χρήσεων γης και κατά τη διαδικασία έγκρισης περιβαλλοντικών όρων των εγκαταστάσεων	Πρόληψη	Αποκεντρωμένες Διοικήσεις, Περιφέρειες, ΥΠΕΚΑ	Δ/νσεις Περιβάλλοντος & Χωρικού Σχεδιασμού των Αποκεντρωμένων Διοικήσεων, Δ/νσεις Περιβάλλοντος & Χωρικού Σχεδιασμού των Περιφερειών, Δ/νσεις ΥΠΕΚΑ)	-
Τ4	Τεχνολογικά Ατυχήματα	Έλεγχοι των εγκαταστάσεων	Πραγματοποίηση επιθεωρήσεων στις εγκαταστάσεις (άνω και κάτω ορίου), με τη διενέργεια τουλάχιστον μίας επιτόπιας ετήσιας επιθεώρησης, σύνταξη έκθεσης αυτοψίας	Πρόληψη	-	-	-
Τ5	Tεχνολογικά Ατυχήματα	Πρόβλεψη και ανάλυση κινδύνου	Κατάρτιση και επικαιροποίηση καταλόγου με τις εγκαταστάσεις που διαθέτουν επικίνδυνες ουσίες. Κοινοποίηση των αλλαγών στην Γενική Γραμματεία Πολιτικής Προσασίας	Πρόληψη	Υπουργείο Ανάπτυξης, ΥΠΕΚΑ, Περιφέρειες	-	-
Τ6	Τεχνολογικά Ατυχήματα	Πρόβλεψη και ανάλυση κινδύνου	Τήρηση και επικαιροποίηση καταλόγου εγκαταστάσεων που διαθέτουν επικίνδυνες ουσίες και εντάσσονται στο πεδίο εφαρμογής της ΚΥΑ του 2007	Πρόληψη	Υπουργείο Ανάπτυξης, ΥΠΕΚΑ, Περιφέρειες	-	-
Τ7	Tεχνολογικά Ατυχήματα	Πρόβλεψη και ανάλυση κινδύνου	Ενημέρωση των αποκεντρωμένων οργώνων πολιτικής προστασίς για τις μεταβολές στον κατάλογο των εγκαταστάσεων που διαθέτουν επικίνδυνες ουσίες	Πρόληψη	Γενική Γραμματεία Πολιτικής Προστασίας	-	-
Τ8	Tεχνολογικά Ατυχήματα	Πρόβλεψη και ανάλυση κινδύνου	Καθορισμός εγκαταστάσεων ή ομάδων εγκαταστάσεων όπου η πιθανότητα ή οι συνέπειες μεγάλου ατυχήματος αυξάνονται, λόγω της θέσης και της εγγύτητας τους και των ειδών και ποσοτήτων επικίνδυνων ουσιών που διαθέτουν - Πρόβλεψη κινδύνου πολλαπλασιαστικών φαινομένων Domino	Πρόληψη	Περιφέρειες	Δ/νση Ανάπτυξης των Περιφερειών	-
Τ9	Tεχνολογικά Ατυχήματα	Πρόβλεψη και ανάλυση κινδύνου	Μέριμνα για την ανταλλαγή πληροφοριών και τη συνεργασία μεταξύ των εγκαταστάσεων που εκτίθενται σε κίνδυνο πολλαπλασιαστικού φαινομένου - Domino	Πρόληψη	Περιφέρειες	Δ/νση Ανάπτυξης των Περιφερειών	-
Τ10	Tεχνολογικά Ατυχήματα	Πρόβλεψη και ανάλυση κινδύνου	Αξιολόγηση των Μελετών Ασφαλείας σε θέματα εκτίμησης των επιπτώσεων στην υγεία των περιοίκων από ένα ενδεχόμενο ατύχημα	Πρόληψη	Υπουργείο Υγείας	-	-
Τ11	Τεχνολογικά Ατυχήματα	Κατάρτιση σχεδίων αντιμετώπισης στα επίπεδα της διοίκησης και της αυτοδιοίκησης	Κατάρτιση του Σχεδίου Αντιμετώπισης Τεχνολογικών Ατυχημάτων Μεγάλης Έκτασης (ΣΑΤΑΜΕ) των Περιφερειών	Ετοιμότητα	Περιφέρειες	Δ/νση Πολιτικής Προστασίας των Περιφερειών	Πυροσβεστικό Σώμα, Δήμοι
Τ12	Τεχνολογικά Ατυχήματα	Κατάρτιση σχεδίων αντιμετώπισης στα επίπεδα της διοίκησης και της αυτοδιοίκησης	Κατάρτιση των Σχεδίου Αντιμετώπισης Τεχνολογικών Ατυχημάτων Μεγάλης Έκταση (ΣΑΤΑΜΕ) των Αποκεντρωμένων Διοικήσεων	Ετοιμότητα	Αποκεντρωμένες Διοικήσεις	Δ/νση Πολιτικής Προστασίας των Α/Δ	Πυροσβεστικό Σώμα, Δήμοι
Τ13	Τεχνολογικά Ατυχήματα	Κατάρτιση σχεδίων αντιμετώπισης στα επίπεδα της διοίκησης και της αυτοδιοίκησης	Κατάρτιση Γενικού Σχεδίου Αντιμετώπισης Τεχνολογικών Ατυχημάτων Μεγάλης Έκτασης (ΣΑΤΑΜΕ)	Ετοιμότητα	Γενική Γραμματεία Πολιτικής Προστασίας		-
Τ14	Τεχνολογικά Ατυχήματα	Πρόβλεψη και ανάλυση κινδύνου	Ανάλυση του κινδύνου στο πλαίσιο των Σχεδίων Αντιμετώπισης Τεχνολογικών Ατυχημάτων (ΣΑΤΑΜΕ) λαμβάνοντας υπόψη τις μελέτες ασφαλείας εγκαταστάσεων άνω και κάτω του ορίου, τα εσωτερικά σχέδια έκτακτης ανάγκης και τα είδη των ουσιών που περιέχονται στις εγκαταστάσεις ή αναμένεται να παραχθούν κατά τη διάρκεια ατυχήματος	Ετοιμότητα	Περιφέρειες	-	-
Τ15	Τεχνολογικά Ατυχήματα	Πρόβλεψη και ανάλυση κινδύνου	Ανάλυση των επιπτώσεων των ατυχημάτων στους πολίτες και στο περιβάλλον, στο πλαίσιο του Σχεδίου Αντιμετώπισης Τεχνολογικών Ατυχημάτων (ΣΑΤΑΜΕ)	Ετοιμότητα	Περιφέρειες	-	-
Τ16	Τεχνολογικά Ατυχήματα	Κατάρτιση σχεδίων αντιμετώπισης στα επίπεδα της διοίκησης και της αυτοδιοίκησης	Προσδιορισμός ζωνών αποκλεισμού, προστασίας προσωπικού και δυνάμεων επεμβασης στο πλαίσιο του Σχεδίου Αντιμετώπισης Τεχνολογικών Ατυχημάτων Μεγάλης Έκτασης σε Περιφερειακό επίπεδο	Ετοιμότητα	Περιφέρειες	-	-
Τ17	Τεχνολογικά Ατυχήματα	Ενημέρωση και πληροφόρηση του κοινού	Παροχή ενημέρωσης στο κοινό και ιδιαίτερα στους κατοίκους και τις μονάδες που εξυπηρετούν το κοινό (σχολεία, νοσοκομεία κ.λπ..) για τα ληπτέα κατάλληλα μέτρα ασφαλείας και τη στάση που θα πρέπει να τηρείται σε περίπτωση τεχνολογικού ατυχήματος	Πρόληψη, Ετοιμότητα	Περιφέρειες	Δ/νση Πολιτικής Προστασίας των Περιφερειών & Περιφερειακά Συμβούλια	-
Τ18	Τεχνολογικά Ατυχήματα	Ενημέρωση και πληροφόρηση του κοινού	Ενημέρωση της Γ.Γ.Π.Π. σχετικά με τις ενέργειες και δράσεις για την πληροφόρησης κοινού σε περιφερειακό επίπεδο	Πρόληψη, Ετοιμότητα	Περιφέρειες	Δ/νση Πολιτικής Προστασίας των Περιφερειών & Περιφερειακό Συμβούλιο	Γενική Γραμματεία Πολιτικής Προστασίας
Τ19	Τεχνολογικά Ατυχήματα	Ενημέρωση και πληροφόρηση του κοινού	Διάθεση στο κοινό καταλόγου με τις επικίνδυνες ουσίες που βρίσκονται εντός των εγκαταστάσεων άνω ορίου, σε επίπεδο Περιφέρειας	Πρόληψη, Ετοιμότητα	Περιφέρειες	Δ/νση Πολιτικής Προστασίας των Περιφερειών & Περιφερειακό Συμβούλιο	-
Τ20	Τεχνολογικά Ατυχήματα	Ενημέρωση και πληροφόρηση του κοινού	Ενημέρωση του κοινού για το υπό-κατάρτιση ΣΑΤΑΜΕ (Σχέδιο Αντιμετώπισης Τεχνολογικών Ατυχημάτων Μεγάλης Έκτασης) σε επίπεδο Περιφέρειας	Πρόληψη, Ετοιμότητα	Περιφέρειες	Δ/νση Πολιτικής Προστασίας των Περιφερειών	-
Τ21	Τεχνολογικά Ατυχήματα	Ενημέρωση και πληροφόρηση του κοινού	Γενική ενημέρωση του κοινού για τα τεχνολογικά ατυχήματα και τα μέτρα αυτοπροστασίας	Πρόληψη, Ετοιμότητα	Γενική Γραμματεία Πολιτικής Προστασίας, Πυροσβεστικό Σώμα	-	Δ/νσεις Πολιτικής Προστασίας των Αποκεντρωμένων Διοικήσεων και Περιφερειών - Δήμοι
Τ22	Τεχνολογικά Ατυχήματα	Διενέργεια ασκήσεων ετοιμότητας	Εφαρμογή και εκπαίδευση στο εξωτερικό ΣΑΤΑΜΕ	Ετοιμότητα	Περιφέρειες	Δ/νση Πολιτικής Προστασίας των Περιφερειών	Γενική Γραμματεία Πολιτικής Προστασίας, Δήμοι
Τ23	Τεχνολογικά Ατυχήματα	Διενέργεια ασκήσεων ετοιμότητας	Εφαρμογή και εκπαίδευση στα εσωτερικά σχέδια έκτακτης ανάγκης.	Ετοιμότητα	Πυροσβεστικό Σώμα, Εγκαταστάσεις	-	-
Τ24	Τεχνολογικά Ατυχήματα	Λήψη μέτρων προστασίας τρωτού και ευάλωτου πληθυσμού	Τήρηση στοιχείων σχετικά με ευαίσθητες ομάδες πληθυσμού	Ετοιμότητα	Περιφέρειες, Δήμοι	-	-
Τ25	Τεχνολογικά Ατυχήματα	Ενέργεις για την αντιμετώπιση φαινομένων, τη διαχείριση των συνεπειών τους και για τον συντονισμό των φορέων	Αρχική ειδοποίηση της Πυροσβεστικής Υπηρεσίας για την πρόκληση τεχνολογικού ατυχήματος	Αντιμετώπιση	Εγκαταστάσεις	-	-
Τ26	Τεχνολογικά Ατυχήματα	Ενέργεις για την αντιμετώπιση φαινομένων, τη διαχείριση των συνεπειών τους και για τον συντονισμό των φορέων	Ενημέρωση μεταξύ των φορέων και πραγματοποίηση πρώτης εκτίμησης για την υφιστάμενη κατάσταση	Αντιμετώπιση	-	-	-
Τ27	Τεχνολογικά Ατυχήματα	Ενέργεις για την αντιμετώπιση φαινομένων, τη διαχείριση των συνεπειών τους και για τον συντονισμό των φορέων	Άμεση κινητοποίηση μονάδων και μετάβαση στο σημείο του συμβάντος	Αντιμετώπιση	Πυροσβεστικό Σώμα, ΕΛ.ΑΣ, ΕΚΑΒ, Περιφέρειες	-	-
Τ28	Τεχνολογικά Ατυχήματα	Ενέργεις για την αντιμετώπιση φαινομένων, τη διαχείριση των συνεπειών τους και για τον συντονισμό των φορέων	Αρχική εκτίμηση της κατάστασης από τους επικεφαλής των μονάδων επέμβασης που σπευδούν στο σημείο του ατυχήματος και τον υπέυθυνο της εγκατάστασης	Αντιμετώπιση	Πυροσβεστικό Σώμα, ΕΛ.ΑΣ, ΕΚΑΒ, Περιφέρειες, Εγκαταστάσεις	-	-
Τ29	Τεχνολογικά Ατυχήματα	Ενέργεις για την αντιμετώπιση φαινομένων, τη διαχείριση των συνεπειών τους και για τον συντονισμό των φορέων	Έλεγχος και καταστολή του καταστροφικού φαινομένου. Αντιμετώπιση του συμβάντος μέσω της εφαρμογής του σχεδίου για την επέμβαση σε κτιριακές εγκαταστάσεις και τεχνικά έργα	Αντιμετώπιση	Πυροσβεστικό Σώμα	-	-
Τ30	Τεχνολογικά Ατυχήματα	Ενέργεις για την αντιμετώπιση φαινομένων, τη διαχείριση των συνεπειών τους και για τον συντονισμό των φορέων	Λήψη μέτρων τάξης, ασφάλειας και διακοπής της κυκλοφορίας για τη διευκόλυνση της πρόσβασης πυροσβεστικών οχημάτων και ασθενοφόρων	Αντιμετώπιση	ΕΛ.ΑΣ	-	-
Τ31	Τεχνολογικά Ατυχήματα	Ενέργεις για την αντιμετώπιση φαινομένων, τη διαχείριση των συνεπειών τους και για τον συντονισμό των φορέων	Σήμανση και φύλαξη των ζωνών αποκλεισμού και προστασίας των πολιτών και του προσωπικού επέμβασης	Αντιμετώπιση	ΕΛ.ΑΣ	-	-
Τ32	Τεχνολογικά Ατυχήματα	Ενέργεις για την αντιμετώπιση φαινομένων, τη διαχείριση των συνεπειών τους και για τον συντονισμό των φορέων	Αρχική εκτίμηση της κατάστασης σχετικά με τις ανάγκες παροχής ιατρικής περίθαλψης, διακομοιδή τραυματιών και ασθενών	Αντιμετώπιση	ΕΚΑΒ/ΕΚΕΠΥ	-	-
Τ33	Τεχνολογικά Ατυχήματα	Ενέργεις για την αντιμετώπιση φαινομένων, τη διαχείριση των συνεπειών τους και για τον συντονισμό των φορέων	Κλιμάκωσης των επιχειρήσεων σε περίπτωση ανάγκης με ταυτόχρονη ανάληψη της αρμοδιότητας συντονισμού των δυνάμεων και των μέσων από τον Περιφερειάρχη	Αντιμετώπιση	Περιφέρειες	-	-
Τ34	Τεχνολογικά Ατυχήματα	Ενέργεις για την αντιμετώπιση φαινομένων, τη διαχείριση των συνεπειών τους και για τον συντονισμό των φορέων	Συντονισμός των δυνάμεων και των μέσων σε περίπτωση καταστροφής μεγαλύτερης κλίμακας, από τον Συντονιστή της Αποκεντρωμένης Διοίκησης ή από τον Γενικό Γραμματέα Πολιτικής Προστασίας	Αντιμετώπιση	Αποκεντρωμένες Διοικήσεις, Γενική Γραμματεία Πολιτικής Προστασίας	-	-
Τ35	Τεχνολογικά Ατυχήματα	Ενέργεις για την αντιμετώπιση φαινομένων, τη διαχείριση των συνεπειών τους και για τον συντονισμό των φορέων	Παροχή διαρκούς πληροφόρησης για την πρόγνωση σχετικά με την ταχύτητα και τη διεύθυνση του ανέμου καθώς και για την ατμοσφαιρική κατάσταση. Οι προγνώσεις παρέχονται από την ΕΜΥ	Αντιμετώπιση	Γενική Γραμματεία Πολιτικής Προστασίας	Κέντρο επιχειρήσεων	-
Τ36	Τεχνολογικά Ατυχήματα	Ενέργεις για την αντιμετώπιση φαινομένων, τη διαχείριση των συνεπειών τους και για τον συντονισμό των φορέων	Σύγκληση του Συντονιστικού Οργάνου Πολιτικής Προστασίας για τον συντονισμό των δράσεων των φορέων και την καλύτερη διάθεση των μέσων και των πόρων	Αντιμετώπιση	Περιφέρειες	-	Όλοι οι φορείς
Τ37	Τεχνολογικά Ατυχήματα	Ενημέρωση και πληροφόρηση του κοινού	Ενημέρωση κοινού στην περίπτωση τεχνολογικού ατυχήματος, ανάλογα με την κλίμακα και το μέγεθος του ατυχήματος	Αντιμετώπιση	Γενική Γραμματεία Πολιτικής Προστασίας, Περιφέρειες	Περιφερειάρχης, Αντιπεριφερειάρχης (ανάλογα με την έκταση του ατυχήματος)	-
Τ38	Τεχνολογικά Ατυχήματα	Ενημέρωση και πληροφόρηση του κοινού	Ενημέρωση του κοινού σχετικά με τη λήψη μέτρων προστασίας της υγείας στις περιπτώσεις που προκύπτουν ζητήματα δημόσιας υγείας λόγω ΤΑΜΕ (Τεχνολογικών Ατυχημάτων Μεγάλης Έκτασης)	Αντιμετώπιση	Υπουργείο Υγείας	Εθνικό Κέντρο Επιχειρήσεων Υγείας (ΕΚΕΠΥ)	-
Τ39	Τεχνολογικά Ατυχήματα	Ενημέρωση και πληροφόρηση του κοινού	Ενημέρωση και πληροφόρηση του κοινού σχετικά με την ύπαρξη τραυματιών και ανθρώπινων απωλειών λόγω ΤΑΜΕ (Τεχνολογικών Ατυχημάτων Μεγάλης Έκτασης)	Αντιμετώπιση	ΕΛ.ΑΣ	-	-
Τ40	Τεχνολογικά Ατυχήματα	Ενέργεις για την αντιμετώπιση φαινομένων, τη διαχείριση των συνεπειών τους και για τον συντονισμό των φορέων	Δράσεις απομάκρυνσης των αποβλήτων	Αντιμετώπιση	-	-	-
Τ41	Τεχνολογικά Ατυχήματα	Δράσεις αποκατάστασης στην περιοχή του συμβάντος	Εξυγίανση του χώρου, απομάκρυνση επικίνδυνων αποβλήτων	Αποκατάσταση	Αποκεντρωμένες Διοικήσεις	ΔΙΠΕΧΩ	-
Τ42	Τεχνολογικά Ατυχήματα	Δράσεις αποκατάστασης στην περιοχή του συμβάντος	Πραγματοποίηση περιβαλλοντικών ελέγχων, μετρήσεις και λήψη αναγκαίων μέτρων στην εγκατάσταση	Αποκατάσταση	Περιφέρειες	-	-
Τ43	Τεχνολογικά Ατυχήματα	Δράσεις αποκατάστασης στην περιοχή του συμβάντος	Κοινοποίηση των αποτελεσμάτων των ελέγχων στο ΕΚΕΠΥ και το Υπουργείο Υγείας	Αποκατάσταση	Περιφέρειες	-	-
Τ44	Τεχνολογικά Ατυχήματα	Δράσεις αποκατάστασης στην περιοχή του συμβάντος	Καταγραφή των ζημιών	Αποκατάσταση	Περιφέρειες	-	-
Τ45	Τεχνολογικά Ατυχήματα	Δράσεις αποκατάστασης στην περιοχή του συμβάντος	Διενέργεια ερευνών για τις αιτές του ατυχήματος, εποπτεία των μέτρων αποκατάστασης που λαμβάνουν οι εγκατασάσεις και διατύπωση προτάσεων για τη λήψη επιπρόσθετων μέτρων	Αποκατάσταση	Περιφέρειες	Δ/νση Ανάπτυξης των Περιφερειών	-
Τ46	Τεχνολογικά Ατυχήματα	Ενέργειες αποτίμησης και απολογισμού	Συγκέντρωση στοιχείων και δεδομένων σχετικά με το τεχνολογικό ατύχημα	Αποκατάσταση	Περιφέρειες	Δ/νση Πολιτικής Προστασίας των Περιφερειών	-
Τ47	Τεχνολογικά Ατυχήματα	Ενέργειες αποτίμησης και απολογισμού	Κατάρτιση φακέλου καταστροφής	Αποκατάσταση	Γενική Γραμματεία Πολιτικής Προστασίας	-	-
F1	Δασικές Πυρκαγιές	Eνέργειες σχεδιασμού	Έκδοση οδηγιών και τεχνικών προδιαγραφών έργων και εργασιών αντιπυρικής προστασίας δασών και δασικών εκτάσεων και εκπόνηση προγραμμάτων προστασίας τους από τον κίνδυνο των πυρκαγιών	Πρόληψη	Υπουργείο Περιβάλλοντος και Ενέργειας	Γενική Διεύθυνση Ανάπτυξης και Προστασίας Δασών και Αγροπεριβάλλοντος	-
F2	Δασικές Πυρκαγιές	Eνέργειες σχεδιασμού	Πραγματοποίηση ενεργειών για τη χρηματοδότηση προγραμμάτων έργων και εργασιών που κρίνονται άμεσης προτεραιότητας για την αντιπυρική προστασία των δασών και δασικών εκτάσεων	Πρόληψη	Υπουργείο Περιβάλλοντος και Ενέργειας	Γενική Διεύθυνση Ανάπτυξης και Προστασίας Δασών και Αγροπεριβάλλοντος	-
F3	Δασικές Πυρκαγιές	Eνέργειες σχεδιασμού	Σχεδιασμός και σύνταξη προγραμμάτων έργων και εργασιών σε δάση και δασικές εκτάσεις	Πρόληψη	Αποκεντρωμένες Διοικήσεις	Δ/νσεις Συντονισμού και Επιθεώρησης Δασών	-
F4	Δασικές Πυρκαγιές	Eνέργειες σχεδιασμού	Επόνηση ολοκληρωμένης πρότασης εκτέλεσης έργων προστασίας σε δάση και δασικές εκτάσεις πριν την έναρξη της αντιπυρρικής περιόδου	Πρόληψη	Αποκεντρωμένες Διοικήσεις	Δ/νσεις Συντονισμού και Επιθεώρησης Δασών	-
F5	Δασικές Πυρκαγιές	Eνέργειες σχεδιασμού	Συντήρηση και βελτίωση του δασικού οδικού δικτύου	Πρόληψη	Αποκεντρωμένες Διοικήσεις	Δασικές Υπηρεσίας	-
F6	Δασικές Πυρκαγιές	Ενέργειες για τη μείωση του κινδύνου πρόκλησης φαινομένου	Έλεγχος καλής λειτουργίας των πυροσβεστικών υδροστομίων	Πρόληψη	Πυροσβεστικό Σώμα	-	-
F7	Δασικές Πυρκαγιές	Ενέργειες για τη μείωση του κινδύνου πρόκλησης φαινομένου	Απομάκρυνση μέρους της βλάστησης (εργασίες καθαρισμού), γύρω από περιοχές ιδιαίτερης προστασίας (κτιριακές υποδομές και εγκαταστάσεις, κατασκηνώσεις, αρχαιολογικοί χώροι, άλση, πάρκα, κλπ.) και περιοχές που θεωρούνται λόγω της φύσεως τους κρίσιμες, κατά μήκος του οδικού δικτύου καθώς και στις ζώνες μίξης δασών πόλεων και οικισμών.	Πρόληψη	Δήμοι	-	Δασικές Υπηρεσίες
F8	Δασικές Πυρκαγιές	Ενέργειες για τη μείωση του κινδύνου πρόκλησης φαινομένου	Εκτέλεση προγραμμάτων καθαρισμού της βλάστησης εντός και γύρω από στρατιωτικές εγκαταστάσεις	Πρόληψη	Υπουργείο Εθνικής Άμυνας,	-	-
F9	Δασικές Πυρκαγιές	Ενέργειες για τη μείωση του κινδύνου πρόκλησης φαινομένου	Εκτέλεση εργασιών καθαρισμού της βλάστησης εντός αρχαιολογικών χώρων	Πρόληψη	Υπουργείο Πολιτισμού	-	-
F10	Δασικές Πυρκαγιές	Ενέργειες για τη μείωση του κινδύνου πρόκλησης φαινομένου	Εκτέλεση εργασιών καθαρισμού της βλάστησης για την προστασία των αεροδρομίων ή και ελικοδρομίων που συνορεύουν με δασικές εκτάσεις	Πρόληψη	Υπηρεσία Πολιτικής Αεροπορίας	-	-
F11	Δασικές Πυρκαγιές	Ενέργειες για τη μείωση του κινδύνου πρόκλησης φαινομένου	Εκτέλεση προγραμμάτων που αφορούν προληπτικό κλάδεμα δένδρων σε περιοχές που διέρχονται γραμμές διανομής και μεταφοράς ηλεκτρικής ενέργειας	Πρόληψη	ΔΕΔΔΗΕ, ΑΔΜΗΕ	-	-
F12	Δασικές Πυρκαγιές	Ενέργειες για τη μείωση του κινδύνου πρόκλησης φαινομένου	Eκτέλεση προγραμμάτων προληπτικών παράπλευρων καθαρισμών της βλάστησης σε επικίνδυνες περιοχές από τις οποίες διέρχονται σιδηροδρομικές γραμμές	Πρόληψη	ΟΣΕ	-	Δασικές Υπηρεσίες
F13	Δασικές Πυρκαγιές	Ενέργειες για τη μείωση του κινδύνου πρόκλησης φαινομένου	Προληπτικοί καθαρισμοί βλάστησης κατά μήκος του οδικού δικτύου αρμοδιότητάς διαφόρων φορέων (προληπτικός καθαρισμός της βλάστησης σε φυτεμένες νησίδες, πρανή δρόμων ή χώρους στάθμευσης κατά μήκος του οδικού δικτύου)	Πρόληψη	Δήμοι, Περιφέρειες- Περιφερειακές Ενότητες, ΕΓΝΑΤΙΑ ΟΔΟΣ Α.Ε κλπ.	Τεχνικές Υπηρεσίες, Δ/νσεις Τεχνικών Έργων των Περιφερειών/Περιφερειακών Ενοτήτων	-
F14	Δασικές Πυρκαγιές	Ενέργειες για τη μείωση του κινδύνου πρόκλησης φαινομένου	Λήψη μέτρων για την αποφυγή πρόκλησης πυρκαγιάς από τη λειτουργία χώρων ανεξέλεγκτης εναπόθεσης αστικών απορριμμάτων	Πρόληψη	Δήμοι	-	-
F15	Δασικές Πυρκαγιές	Ενέργειες για τη μείωση του κινδύνου πρόκλησης φαινομένου	Συγκρότηση επιτροπών ελέγχου χώρων ανεξέλεγκτης εναπόθεσης απορριμμάτων	Πρόληψη	Αποκεντρωμένες Διοικήσεις	Δ/νση Πολιτικής Προστασίας των Α/Δ	Πυροσβεστικό Σώμα
F16	Δασικές Πυρκαγιές	Ενέργειες για τη μείωση του κινδύνου πρόκλησης φαινομένου	Κοινοποίηση στους Δήμους, των αποτελεσμάτων των ελέγχων που διενεργουν οι επιτροπές ελέγχου χώρων ανεξέλεγτκης εναπόθεσης απορριμμάτων	Πρόληψη	Αποκεντρωμένες Διοικήσεις	Δ/νση Πολιτικής Προστασίας των Α/Δ	Δήμοι
F17	Δασικές Πυρκαγιές	Ενέργειες για τη μείωση του κινδύνου πρόκλησης φαινομένου	Μέτρα για την αποφυγή εκδήλωσης πυρκαγιάς από την εκτέλεση γεωργικών και άλλων εργασιών περιορισμένης έκτασης στην ύπαιθρο. Έκδοση άδειας για την καύση αγροτικών εκτάσεων, κατά την αντιπυρική περίοδο	Πρόληψη	Πυροσβεστικό Σώμα	-	-
F18	Δασικές Πυρκαγιές	Ενέργειες σχεδιασμού	Σύνταξη μνημονίων ενεργειών για την περίπτωση των πυρκαγιών	Ετοιμότητα	Αποκεντρωμένες Διοικήσεις, Δήμοι, Περιφέρειες-Περιφερειακές Ενότητες	Υπηρεσίες Πολιτικής Προστασίας	-
F19	Δασικές Πυρκαγιές	Ενέργειες για τη μείωση του κινδύνου πρόκλησης φαινομένου	Παρουσία υδροφόρου οχήματος στους χώρους ανεξέλεγκτης εναπόθεσης αστικών απορριμμάτων σε καταστάσεις αυξημένης ετοιμότητας (Όταν ο δείκτης ετοιμότητας έχει οριστεί στα επίπεδα 4 & 5)	Ετοιμότητα	Δήμοι	-	-
F20	Δασικές Πυρκαγιές	Λήψη μέτρων προστασίας τρωτών εγκαταστάσεων	Λήψη προληπτικών μέτρων προστασίας παιδικών κατασκηνώσεων όπως α) δρόμοι προσπέλασης οχημάτων, β) αποψίλωση χώρων, γ) δημιουργία αντιπυρικής ζώνη ασφαλείας στην περίμετρο του οικοπέδου της κατασκήνωσης, δ) καθορισμός ειδικού χώρου συγκέντρωσης κατασκηνωτών σε περίπτωση ανάγκης και ε) ύπαρξη μεγαφωνικού συστήματος	Πρόληψη	Κατασκηνώσεις		Περιφέρειες (Άδειες λειτουργίας),Δήμοι (Εποπτεία)
F21	Δασικές Πυρκαγιές	Λήψη μέτρων προστασίας τρωτού και ευάλωτου πληθυσμού	Σύνταξη σχεδίου πυροπροστασίας και εκκένωσης παιδικών κατασκηνώσεων σε περίπτωση έκτακτης ανάγκης	Πρόληψη	Κατασκηνώσεις	-	Πυροσβεστική Υπηρεσία, Δήμοι, Περιφέρειες
F22	Δασικές Πυρκαγιές	Λήψη μέτρων προστασίας τρωτού και ευάλωτου πληθυσμού	Συγκέντρωση των σχεδίων εκκένωσης παιδικών κατασκηνώσεων	Πρόληψη	Δήμοι, Περιφέρειες-Περιφερειακές Ενότητες	Γραφεία Πολιτικής Προστασίας των Δήμων, Δ/νση Πολιτικής Προστασίας των Περιφερειών,	-
F23	Δασικές Πυρκαγιές	Ενέργειες έγκαιρης προειδοποίσης	Έκδοση ημερήσιου χάρτη πρόβλεψης κινδύνου πυρκαγιάς κατά τη διάρκεια της αντιπυρικής περιόδου	Ετοιμότητα	Γενική Γραμματεία Πολιτικής Προστασίας	Δ/νση Σχεδιασμού και Αντιμετώπισης Εκτάκτων Αναγκών	ΕΜΥ
F24	Δασικές Πυρκαγιές	Ενέργειες έγκαιρης προειδοποίσης	Προώθηση του ημερήσιου χάρτη κινδύνου πυρκαγιάς καθώς και επιπρόσθετου προειδοποιητικού σήματος για τις περιοχές που προβλέπεται κίνδυνος κατηγορίας 4 και 5	Ετοιμότητα	Γενική Γραμματεία Πολιτικής Προστασίας	Κέντρο Επιχειρήσεων Πολιτικής Προστασίας	-
F25	Δασικές Πυρκαγιές	Ενέργειες έγκαιρης προειδοποίσης	Προώθηση του ημερήσιου χάρτη πρόβλεψης κινδύνου πυρκαγιάς στους Δήμους	Ετοιμότητα	Αποκεντρωμένες Διοικήσεις	Δ/νση Πολιτικής Προστασίας των Α/Δ	Δ/νση Πολιτικής Προστασίας των Περιφερειών
F26	Δασικές Πυρκαγιές	Ενέργειες έγκαιρης προειδοποίσης	Ενημέρωση του κοινού σχετικά με τις προβλέψεις κινδύνου πυρκαγιάς σε ημερήσια βάση	Ετοιμότητα	Γενική Γραμματεία Πολιτικής Προστασίας	-	-
F27	Δασικές Πυρκαγιές	Ενημέρωση και πληροφόρηση του κοινού	Ενημέρωση κοινού για τη λήψη μέτρων αυτοπροστασίας από τον κίνδυνο των δασικών πυρκαγιών - Ενημέρωση του κοινού σε κεντρικό επίπεδο	Πρόληψη, Ετοιμότητα	Γενική Γραμματεία Πολιτικής Προστασίας, Π.Σ, YΠΕΚΑ	Γενική Διεύθυνση Ανάπτυξης και Προστασίας Δασών και Αγροπεριβάλλοντος	-
F28	Δασικές Πυρκαγιές	Ενημέρωση και πληροφόρηση του κοινού	Ενημέρωση κοινού για τη λήψη μέτρων αυτοπροστασίας από τον κίνδυνο των δασικών πυρκαγιών- Ενημέρωση του κοινού σε τοπικό Επίπεδο	Πρόληψη, Ετοιμότητα	Δασικές Υπηρεσίες, Π.Σ, Αποκεντρωμένα Όργανα Πολιτικής Προστασίας	-	-
F29	Δασικές Πυρκαγιές	Ενέργειες για τη μείωση του κινδύνου πρόκλησης φαινομένου	Προληπτική απαγόρευση της κυκλοφορίας - Λήψη απόφασης, στο πλαίσιο του συντονιστικού οργάνου Πολιτικής Προστασίας της Περιφερειακής Ενότητας, για την απαγόρευση της κυκλοφορίας οχημάτων και παραμονής εκδρομέων σε εθνικούς δρυμούς, δάση και "ευπαθείς" περιοχές σε ημέρες και ώρες που θεωρούνται επικίνδυνες	Πρόληψη	Περιφέρειες-Περιφερειακές Ενότητες	Περιφερειάρχης/Αντιπεριφερειάρχης	-
F30	Δασικές Πυρκαγιές	Συμμετοχή εθελοντικών οργανώσεων	Καθορισμός, στο πλαίσιο του συντονιστικού οργάνου Πολιτικής Προστασίας της Περιφερειακής Ενότητας, της συμμετοχή των εθελοντικών οργανώσεων στην επιτήρηση των δασών και των δασικών εκτάσεων για την επισήμανση των πυρκαγιών	Πρόληψη	Περιφέρειες-Περιφερειακές Ενότητες	Δ/νση Πολιτικής Προστασίας των Περιφερειών	-
F31	Δασικές Πυρκαγιές	Συμμετοχή εθελοντικών οργανώσεων	Καθορισμός των δράσεων για τη συμμετοχή των εθελοντών στην πρόληψη και ετοιμότητα για την αντιμετώπιση των δασικών πυρκαγιών	Πρόληψη	Πυροσβεστικό Σώμα	-	-
F32	Δασικές Πυρκαγιές	Ενέργεις για τον σχεδιασμό πολιτικής προστασίας και για τον συντονισμό των φορέων	Οργάνωση Συντονιστικού Πολιτικής Προστασίας των Περιφερειακών Ενοτήτων (ΣΟΠΠ). Kαθορισμός μέτρων πρόληψης και δράσεων συντονισμού στο επίπεδο της περιφερειακής ενότητας	Πρόληψη, Ετοιμότητα	Περιφέρειες, Περιφερειακές Ενότητες	Δ/νση Πολιτικής Προστασίας των Περιφερειών/ Τμήματα Π.Π. των Περιφερειακών Ενοτήτων	Όλοι οι φορείς
F33	Δασικές Πυρκαγιές	Ενέργεις για τον σχεδιασμό πολιτικής προστασίας και για τον συντονισμό των φορέων	Συγκρότηση ενιαίας πρότασης με βάση τις αποφάσεις των Συντονιστικών Πολιτικής Προστασίας των Περιφερειακών Ενοτήτων για τα μέτρα και τις δράσεις σε επίπεδο περιφέρειας/Περιφερειακός Σχεδιασμός	Πρόληψη, Ετοιμότητα	Περιφέρειες	Δ/νση Πολιτικής Προστασίας των Περιφερειών	-
F34	Δασικές Πυρκαγιές	Ενέργεις για τον σχεδιασμό πολιτικής προστασίας και για τον συντονισμό των φορέων	Κοινοποίηση των αποφάσεων των Συντονιστικών Πολιτικής Προστασίς στις Αποκεντρωμένες Διοίκησεις και την Πυροσβεστική	Πρόληψη, Ετοιμότητα	Περιφέρειες	Δ/νση Πολιτικής Προστασίας των Περιφερειών	-
F35	Δασικές Πυρκαγιές	Ενέργεις για τον σχεδιασμό πολιτικής προστασίας και για τον συντονισμό των φορέων	Λήψη αποφάσεων σχετικά με τον σχεδιασμό σε επίπεδο Αποκεντρωμένης Διοίκησης για την αντιπυρική προστασία	Πρόληψη, Ετοιμότητα	Αποκεντρωμένες Διοικήσεις	Γενικός Γραμματέας, Διεύθυνση Δ/νση Δασών, Δ/νση Πολιτική Προστασίας των Α/Δ	-
F36	Δασικές Πυρκαγιές	Ενέργεις για τον σχεδιασμό πολιτικής προστασίας και για τον συντονισμό των φορέων	Οργάνωση Τοπικών Συντονιστικών Πολιτικής Προστασίας (ΣΤΟ) - Kαθορισμός μέτρων πρόληψης και δράσεων συντονισμού σε τοπικό επίπεδο	Πρόληψη, Ετοιμότητα	Δήμοι	Αντιδήμαρχος, Γραφείο Πολιτικής Προστασίας των Δήμων	Όλοι οι φορείς
F37	Δασικές Πυρκαγιές	Ενέργειες για τη μείωση του κινδύνου πρόκλησης φαινομένου	Λήψη μέτρων αυξημένης επιτήρησης σε δάση και δασικές εκτάσεις σε συνθήκες αυξημένης ετοιμότητας (Κλίμακα 4 και 5 στην ημερήσια πρόβλεψη)	Ετοιμότητα	Π.Σ	-	Αποκεντρωμένα Όργανα Πολιτικής Προστασίας
F38	Δασικές Πυρκαγιές	Ενέργειες για τη μείωση του κινδύνου πρόκλησης φαινομένου	Εφαρμογή, σε κατάσταση αυξημένης ετοιμότητας, του μέτρου της προληπτικής απαγόρευσης της κυκλοφορίας οχημάτων και παραμονής εκδρομέων σε εθνικούς δρυμούς, δάση και "ευπαθείς" περιοχές	Ετοιμότητα	Περιφερειακές Ενότητες	Αντιπεριφερειάρχες	-
F39	Δασικές Πυρκαγιές	Ενημέρωση και πληροφόρηση του κοινού	Ενημέρωση του κοινού μέσω δελτίων τύπου για τον αυξημένο κίνδυνο εκδήλωσης δασικών πυρκαγιών	Ετοιμότητα	Γενική Γραμματεία Πολιτικής Προστασίας	-	-
F40	Δασικές Πυρκαγιές	Ενέργειες για τη μείωση του κινδύνου πρόκλησης φαινομένου	Λήψη μέτρων σε περιπτώσεις αυξημένης ετοιμότητας (κλίμακες 4 και 5 στην ημερήσια πρόβλεψη) για την αποφυγή πρόκλησης πυρκαγιάς σε χώρους ανεξέλεγκτης εναπόθεσης αστικών απορριμμάτων	Ετοιμότητα	Δήμοι	-	-
F41	Δασικές Πυρκαγιές	Ενέργειες για τη μείωση του κινδύνου πρόκλησης φαινομένου	Λήψη μέτρων κατά την εκτέλεση βολών σε στρατιωτικές ασκήσεις, σε περιπτώσεις αυξημένης ετοιμότητας (κλίμακες 4 και 5 στην ημερήσια πρόβλεψη)	Ετοιμότητα	ΓΕΕΘΑ/ΕΘΚΕΠΙΧ	-	-
F42	Δασικές Πυρκαγιές	Ενημέρωση και πληροφόρηση του κοινού	Ενημέρωση σε τοπικό επίπεδο, των αγροτών, κτηνοτρόφων και μελισσοκόμων για τον πολύ υψηλό κίνδυνο πυρκαγιάς με σχετικές ανακοινώσεις	Ετοιμότητα	Αποκεντρωμένα Όργανα Πολιτικής Προστασίας		-
F43	Δασικές Πυρκαγιές	Δράσεις ετοιμότητας του μηχανισμού πολιτικής προστασίας	Ετοιμότητα του προσωπικού και των μέσων των εμπλεκομένων φορέων σε συνθήκες αυξημένης ετοιμότητας (κλίμακες 4 και 5 στην ημερήσια πρόβλεψη)	Ετοιμότητα	Δήμοι, Περιφέρειες, Αποκεντρωμένες Διοικήσεις	-	-
F44	Δασικές Πυρκαγιές	Ενέργεις για την αντιμετώπιση φαινομένων, τη διαχείριση των συνεπειών τους και για τον συντονισμό των φορέων	Ενέργειες για τον έλεγχο και την καταστολή των δασικών πυρκαγιών	Αντιμετώπιση	Π.Σ	-	-
F45	Δασικές Πυρκαγιές	Ενέργεις για την αντιμετώπιση φαινομένων, τη διαχείριση των συνεπειών τους και για τον συντονισμό των φορέων	Εκδοση αρχικής ειδοποίησης – αναγγελίας σχετικά με την έναρξη/εκδήλωση δασικής πυρκαγιάς	Αντιμετώπιση	Π.Σ	-	-
F46	Δασικές Πυρκαγιές	Ενέργεις για την αντιμετώπιση φαινομένων, τη διαχείριση των συνεπειών τους και για τον συντονισμό των φορέων	Οργάνωση, διαχείριση και συντονισμός όλων των εμπλεκόμενων δυνάμεων πυρόσβεσης και διάσωσης, του εξοπλισμού και των μέσων	Αντιμετώπιση	Π.Σ	-	-
F47	Δασικές Πυρκαγιές	Ενέργεις για την αντιμετώπιση φαινομένων, τη διαχείριση των συνεπειών τους και για τον συντονισμό των φορέων	Διάθεση υδροφόρων οχημάτων και μηχανημάτων έργων για την υποστήριξη του έργου του Πυροσβεστικού Σώματος	Αντιμετώπιση	ΟΤΑ, Άλλοι φορείς	-	-
F48	Δασικές Πυρκαγιές	Ενέργεις για την αντιμετώπιση φαινομένων, τη διαχείριση των συνεπειών τους και για τον συντονισμό των φορέων	Επιχειρησιακή διαχείριση των μέσων που υποστηρίζουν το έργο της καταστολής του Πυροσβεστικού Σώματος	Αντιμετώπιση	Π.Σ.	-	-
F49	Δασικές Πυρκαγιές	Ενέργεις για την αντιμετώπιση φαινομένων, τη διαχείριση των συνεπειών τους και για τον συντονισμό των φορέων	Λήψη μέτρων τροχαίας για τη διευκόλυνση της κίνησης των οχημάτων του ΠΣ που εμπλέκονται στην καταστολή	Αντιμετώπιση	ΕΛ.ΑΣ	-	-
F50	Δασικές Πυρκαγιές	Ενέργεις για την αντιμετώπιση φαινομένων, τη διαχείριση των συνεπειών τους και για τον συντονισμό των φορέων	Προληπτική διακοπή ηλεκτροδότησης για την ασφάλεια του προσωπικού του ΠΣ που σπεύδει στην κατάσβεση των πυρκαγιών	Αντιμετώπιση	ΑΔΜΗΕ - ΔΕΔΗΕ	-	-
F51	Δασικές Πυρκαγιές	Ενέργεις για την αντιμετώπιση φαινομένων, τη διαχείριση των συνεπειών τους και για τον συντονισμό των φορέων	Διευκόλυνση της, από θάλασσας, μεταφοράς πεζοπόρων τμημάτων ή και οχημάτων του ΠΣ καθώς και άλλων φορέων που υποστηρίζουν το έργο του ΠΣ	Αντιμετώπιση	Λιμενινό Σώμα	-	-
F52	Δασικές Πυρκαγιές	Ενέργεις για την αντιμετώπιση φαινομένων, τη διαχείριση των συνεπειών τους και για τον συντονισμό των φορέων	Διάθεση προσωπικού και μέσων για την υποστήριξη του έργου της καταστολής του ΠΣ, μετά από αίτημα όπως προβλέπεται από τις διατάξεις	Αντιμετώπιση	ΓΕΕΘΑ	-	-
F53	Δασικές Πυρκαγιές	Ενέργεις για την αντιμετώπιση φαινομένων, τη διαχείριση των συνεπειών τους και για τον συντονισμό των φορέων	Αποστολή ασθενοφόρων και κινητών μονάδων στον τόπο της πυρκαγιάς, για την αντιμετώπιση περιστατικών	Αντιμετώπιση	ΕΚΑΒ	-	-
F54	Δασικές Πυρκαγιές	Ενέργεις για την αντιμετώπιση φαινομένων, τη διαχείριση των συνεπειών τους και για τον συντονισμό των φορέων	Απεγκλωβισμός και διάσωση πολιτών που βρίσκονται σε επαφή με τον φλεγόμενο χώρο, ή εντός αυτού	Αντιμετώπιση	Π.Σ	-	-
F55	Δασικές Πυρκαγιές	Ενέργεις για την αντιμετώπιση φαινομένων, τη διαχείριση των συνεπειών τους και για τον συντονισμό των φορέων	Υλοποίηση του μέτρου της οργανωμένης απομάκρυνσης πολιτών ως μέτρο προληπτικής προστασίας τους	Αντιμετώπιση	Δήμοι	Δήμαρχος, Αντιδήμαρχος Πολιτικής Προστασίας	-
F56	Δασικές Πυρκαγιές	Ενέργεις για την αντιμετώπιση φαινομένων, τη διαχείριση των συνεπειών τους και για τον συντονισμό των φορέων	Λήψη μέτρων τροχαίας κίνησης για την αποφυγή κυκλοφοριακής συμφόρησης, τόσο στην πληγείσα περιοχή όσο και ευρύτερα, εκτροπή ροής κυκλοφορίας των λοιπών οχημάτων προς αποφυγή εγκλωβισμού τους στην πυρκαγιά, καθώς και λήψη μέτρων διευκόλυνσης των πολιτών που απομακρύνονται από την πληγείσα περιοχή	Αντιμετώπιση	ΕΛ.ΑΣ	-	-
F57	Δασικές Πυρκαγιές	Ενέργεις για την αντιμετώπιση φαινομένων, τη διαχείριση των συνεπειών τους και για τον συντονισμό των φορέων	Αντιμετώπιση περιστατικών υγείας πολιτών από την έκθεσή τους σε παράγωγα καύσης ή από τραυματισμούς	Αντιμετώπιση	ΕΚΑΒ, ΕΚΕΠΥ	-	-
F58	Δασικές Πυρκαγιές	Ενέργεις για την αντιμετώπιση φαινομένων, τη διαχείριση των συνεπειών τους και για τον συντονισμό των φορέων	Άμεση παροχή βοήθειας στους πληγέντες (Διοικητική Μέριμνα)	Αντιμετώπιση	Αποκεντρωμένα Όργανα Πολιτικής Προστασίας	-	-
F59	Δασικές Πυρκαγιές	Ενέργεις για την αντιμετώπιση φαινομένων, τη διαχείριση των συνεπειών τους και για τον συντονισμό των φορέων	Λήψη μέτρων τάξης και ασφάλειας	Αντιμετώπιση	ΕΛ.ΑΣ	-	-
F60	Δασικές Πυρκαγιές	Ενέργεις για την αντιμετώπιση φαινομένων, τη διαχείριση των συνεπειών τους και για τον συντονισμό των φορέων	Άμεση επαναλειτουργία των δικτύων ηλεκτροδότησης	Αντιμετώπιση	ΔΕΔΔΗΕ, ΑΔΜΗΕ	-	-
F61	Δασικές Πυρκαγιές	Ενημέρωση και πληροφόρηση του κοινού	Ενημέρωση του κοινού σχετικά με την εκδήλωση δασικών πυρκαγιών και το έργο καταστολής	Αντιμετώπιση	Π.Σ.	-	-
F62	Δασικές Πυρκαγιές	Ενημέρωση και πληροφόρηση του κοινού	Ενημέρωση του κοινού για δράσεις πολιτικής προστασίας που αφορούν την αντιμετώπιση εκτάκτων αναγκών λόγω δασικών πυρκαγιών και παροχή οδηγιών με στόχο την ελαχιστοποίηση των συνεπειών τους	Αντιμετώπιση	Γενική Γραμματεία Πολιτικής Προστασίας, Αποκεντρωμένα Όργανα Πολιτικής Προστασίας	-	-
F63	Δασικές Πυρκαγιές	Ενημέρωση και πληροφόρηση του κοινού	Ενημέρωση του κοινού για λήψη μέτρων προστασίας της υγείας τους λόγω δασικών πυρκαγιών	Αντιμετώπιση	ΕΚΕΠΥ	-	-
F64	Δασικές Πυρκαγιές	Κήρυξη περιοχών σε κατάσταση έκτακτης ανάγκης	Παροχή εξουσιοδότησης από τον Γενικό Γραμματέα Πολιτικής Προστασίας προς τον Γενικό Γραμματέα Α/Δ ή τον Οικείο Περιφερειάρχη σχετικά με την κήρυξη περιοχών σε κατάσταση έκτακτης ανάγκης, σε περιπτώσεις καταστροφών μικρής έκτασης	Αντιμετώπιση	Γενική Γραμματεία Πολιτικής Προστασίας, Αποκεντρωμένες Διοικήσεις, Περιφέρειες,	Γενικός Γραμματέας Πολιτικής Προστασίας, Γενικός Γραμματέας Α/Δ, Περιφερειάρχης	-
F65	Δασικές Πυρκαγιές	Κήρυξη περιοχών σε κατάσταση έκτακτης ανάγκης	Σε περιπτώσεις που η καταστροφή εκτείνεται σε περισσότερες από τρείς Περιφέρειες της χώρας, εισήγηση του Γ.Γ.Π.Π στον αρμόδιο Αναπληρωτή Υπουργό Εσωτερικών για τον χαρακτηρισμό της καταστροφής ως γενικής και την έκδοση της αντίστοιχης απόφασης για την κήρυξη κατάστασης έκτακτης ανάγκης	Αντιμετώπιση	Υπουργείο Εσωτερικών, Γενική Γραμματεία Πολιτικής Προστασίας	Αναπληρωτής Υπουργός Εσωτερικών - Γενικός Γραμματέας Πολιτικής Προστασίας	-
F66	Δασικές Πυρκαγιές	Ενέργεις για την αντιμετώπιση φαινομένων, τη διαχείριση των συνεπειών τους και για τον συντονισμό των φορέων	Εισήγηση για την αναγκαιότητα λήψης του μέτρου της οργανωμένης απομάκρυνσης των πολιτών	Αντιμετώπιση	Π.Σ.	-	-
F67	Δασικές Πυρκαγιές	Ενέργεις για την αντιμετώπιση φαινομένων, τη διαχείριση των συνεπειών τους και για τον συντονισμό των φορέων	Οργανωμένη απομάκρυνσή πολιτών από την περιοχή που εκτιμάται ότι απειλείται από εξελισσόμενη ή επικείμενη καταστροφή. Λήψη της απόφασης για την οργανωμένη απομάκρυνση των πολιτών σε τοπικό επίπεδο	Αντιμετώπιση	Δήμοι	Δήμαρχος	-
F68	Δασικές Πυρκαγιές	Ενέργεις για την αντιμετώπιση φαινομένων, τη διαχείριση των συνεπειών τους και για τον συντονισμό των φορέων	Οργανωμένη απομάκρυνσή πολιτών από την περιοχή που εκτιμάται ότι απειλείται από εξελισσόμενη ή επικείμενη καταστροφή. Λήψη της απόφασης για την οργανωμένη απομάκρυνση των πολιτών σε περιφερειακό επίπεδο	Αντιμετώπιση	Περιφέρειες/Περιφερειακές Ενότητες	Περιφερειάρχης/Αντιπεριφερειάρχης	-
F69	Δασικές Πυρκαγιές	Ενέργεις για την αντιμετώπιση φαινομένων, τη διαχείριση των συνεπειών τους και για τον συντονισμό των φορέων	Οργανωμένη απομάκρυνσή πολιτών από την περιοχή που εκτιμάται ότι απειλείται από εξελισσόμενη ή επικείμενη καταστροφή. Λήψη της απόφασης για την οργανωμένη απομάκρυνση των πολιτών σε γενικευμένη καταστροφή	Αντιμετώπιση	Γενική Γραμματεία Πολιτικής Προστασίας - Αποκεντρωμένες Διοικήσεις	Γενικός Γραμματέας Πολιτικής Προστασίας, Γενικός Γραμματέας Α/Δ	-
F70	Δασικές Πυρκαγιές	Ενέργεις για την αντιμετώπιση φαινομένων, τη διαχείριση των συνεπειών τους και για τον συντονισμό των φορέων	Οργανωμένη απομάκρυνσή πολιτών από την περιοχή που εκτιμάται ότι απειλείται από εξελισσόμενη ή επικείμενη καταστροφή. Απομάκρυνση των πολιτών, με τη χρήση πλωτών θαλασσίων μέσων	Αντιμετώπιση	Λιμενικό	-	-
F71	Δασικές Πυρκαγιές	Ενέργεις για την αντιμετώπιση φαινομένων, τη διαχείριση των συνεπειών τους και για τον συντονισμό των φορέων	Οργάνωση και απομάκρυνση πολιτκών σε ειδικές περιπτώσεις (Κατασκηνώσεις, Αρχαιολογικοί χώροι κλπ.)	Αντιμετώπιση	Υπεύθυνος Ασφαλείας	-	-
F72	Δασικές Πυρκαγιές	Ενέργεις για την αντιμετώπιση φαινομένων, τη διαχείριση των συνεπειών τους και για τον συντονισμό των φορέων	Άμεση χαρτογράφηση της πληγείσας περιοχής μέσω της ενεργοποίησης του συστήματoς Copernicus	Αντιμετώπιση	Γενική Γραμματεία Πολιτικής Προστασίας	-	-
F73	Δασικές Πυρκαγιές	Ενέργειες αποκατάστασης	Οικονομική ενίσχυση πληγέντων. Συγκρότηση επιτροπών για την καταγραφή και την εκτίμηση των ζημιών και για την ενημέρωση των πολιτών σχετικά με τα γενικότερα μέτρα αποκατάστασης που ενδεχομένως τους αφορούν	Αποκατάσταση	Δήμοι	-	-
F74	Δασικές Πυρκαγιές	Ενέργεις αποτίμησης και απολογισμού	Καταγραφή των καμένων εκτάσεων	Αποκατάσταση	Αποκεντρωμένες Διοικήσεις	Δασικές Υπηρεσίας	Π.Σ
F75	Δασικές Πυρκαγιές	Ενέργεις αποτίμησης και απολογισμού	Προστασία των καμένων εκτάσεων	Αποκατάσταση	Αποκεντρωμένες Διοικήσεις	Δασικές Υπηρεσίας	-
F76	Δασικές Πυρκαγιές	Ενέργεις αποτίμησης και απολογισμού	Έκδοση πράξης αναδάσωσης	Αποκατάσταση	Αποκεντρωμένες Διοικήσεις	Δασικές Υπηρεσίας	-
F77	Δασικές Πυρκαγιές	Ενέργειες αποκατάστασης	Οικονομική ενίσχυση πληγέντων. Eκτίμηση του ποσού που θα απαιτηθεί προκειμένου να καταβληθεί στους πληγέντες	Αποκατάσταση	Δήμοι	Διευθύνσεις - Τμήματα Πρόνοιας των Δήμων	-
F78	Δασικές Πυρκαγιές	Ενέργειες αποκατάστασης	Αποκατάσταση ζημιών σε κτίρια λόγω δασικών πυρκαγιών	Αποκατάσταση	-	-	-
F79	Δασικές Πυρκαγιές	Ενέργεις αποτίμησης και απολογισμού	Τήρησης ειδικού φακέλου για τις γενικές, περιφερειακές ή τοπικές μεγάλης έντασης καταστροφές	Αποκατάσταση	Γενική Γραμματεία Πολιτικής Προστασίας	-	-
F80	Δασικές Πυρκαγιές	Ενέργεις αποτίμησης και απολογισμού	Συγκέντρωση των καταγραφών των επιπτώσεων από τους διάφορους φορείς	Αποκατάσταση	Αποκεντρωμένες Διοικήσεις	Δ/νσεις Πολιτικής Προστασίας	-
FL1	Πλημμυρικά φαινόμενα	Ενέργειες για τη μείωση του κινδύνου πρόκλησης φαινομένου	Έλεγχος των αντιπλημμυρικών έργων και συντήρησή τους	Πρόληψη	Περιφέρειες, Δήμοι	-	-
FL2	Πλημμυρικά φαινόμενα	Ενέργειες για τη μείωση του κινδύνου πρόκλησης φαινομένου	Μελέτη και εκτέλεση έργων συγκράτησης των εδαφών (κορμοδέματα, κορμοφράγματα, αυλακώσεις κλπ.) σε δασικές εκτάσεις στις οποίες η φυσική βλάστηση έχει καταστραφεί από πυρκαγιές	Πρόληψη	Αποκεντρωμένες Διοικήσεις	Δασικές Υπηρεσίας	-
FL3	Πλημμυρικά φαινόμενα	Ενέργειες για τη μείωση του κινδύνου πρόκλησης φαινομένου	Λήψη των απαραίτητων μέτρων προστασίας από τον κίνδυνο των πλημμυρών στις εγκαταστάσεις των Δημοτικών Επιχειρήσεων και Εταιριών Ύδρευσης Αποχέτευσης, ιδιαίτερα των αντλιοστασίων και των υδραγωγείων	Πρόληψη	Δήμοι	-	-
FL4	Πλημμυρικά φαινόμενα	Ενέργειες για τη μείωση του κινδύνου πρόκλησης φαινομένου	Απομάκρυνση των απορριμμάτων, φερτών υλικών, φυλλώματος δένδρων, κλπ., τα οποία βρίσκονται σε δρόμους και κοινόχρηστους χώρους εντός του αστικού χώρου και μπορεί να προκαλέσουν εμφράξεις σε παρακείμενα φρεάτια απορροής όμβριων υδάτων	Πρόληψη	Δήμοι	-	-
FL5	Πλημμυρικά φαινόμενα	Ενέργειες για τη μείωση του κινδύνου πρόκλησης φαινομένου	Ολοκλήρωση αντιπλημμυρικών έργων σε περιοχές που βαρύνονται με ανάλογο ιστορικό και κατά προτεραιότητα σε περιοχές που έχουν πρόσφατα πληγεί από δασικές πυρκαγιές, καθώς και προγραμματισμό και εκτέλεση νέων έργων, όπου αυτό κρίνεται απαραίτητο	Πρόληψη	Περιφέρειες, Δήμοι	-	-
FL6	Πλημμυρικά φαινόμενα	Ενέργειες σχεδιασμού	Σύνταξη μνημονίων ενεργειών	Ετοιμότητα	Αποκεντρωμένες Διοικήσεις, Δήμοι, Περιφέρειες	Υπηρεσίες Πολιτικής Προστασίας	-
FL7	Πλημμυρικά φαινόμενα	Ενέργειες για τη μείωση του κινδύνου πρόκλησης φαινομένου	Αποτροπή εμφάνισης πλημμυρικών φαινομένων και δυσχερειών στο οδικό δίκτυο λόγω έντονων βροχοπτώσεων Συντήρηση του δικτύου ομβρίων υδάτων των οδών όπως ο καθαρισμός και η συντήρηση των εσχαρών των φρεατίων υδροσυλλογής, των καπακιών των φρεατίων επίσκεψης, του σώματος των φρεατίων υδροσυλλογής, των συνδετήριων αγωγών των φρεατίων αυτών με το υφιστάμενο δίκτυο ομβρίων, των φρεατίων επίσκεψης, καθώς και των αγωγών του δικτύου ομβρίων	Πρόληψη	Δήμοι, Περιφέρειες, Φορείς υπεύθυνοι για τη συντήρηση του οδικού δικτύου	-	-
FL8	Πλημμυρικά φαινόμενα	Ενέργειες έγκαιρης προειδοποίσης	Έκδοση δελτίων πρόγνωσης επικίνδυνων καιρικών φαινομένων στα οποία προσδιορίζονται χωρικά και χρονικά η εξέλιξη των καιρικών φαινομένων	Ετοιμότητα	ΕΜΥ	-	-
FL9	Πλημμυρικά φαινόμενα	Ενέργειες έγκαιρης προειδοποίσης	Αρχική προώθηση των δελτίων επικίνδυνων καιρικών φαινομένων	Ετοιμότητα	Γενική Γραμματεία Πολιτικής Προστασίας	Κέντρο Επιχειρήσεων	-
FL10	Πλημμυρικά φαινόμενα	Ενέργειες έγκαιρης προειδοποίσης	Προώθηση των δελτίων επικίνδυνων καιρικών φαινομένων σε τοπικό επίπεδο (στους Δήμους)	Ετοιμότητα	Αποκεντρωμένες Διοικήσεις	Δ/νση Πολιτικής Προστασίας	Περιφέρειες - Δ/νση Πολιτικής Προστασίας των Περιφερειών
FL11	Πλημμυρικά φαινόμενα	Λήψη μέτρων σε κατάσταση αυξημένης ετοιμότητας	Εστίαση σε περιοχές που βαρύνονται με ανάλογο ιστορικό και λήψη μέτρων που αποσκοπούν στη μείωση της πιθανότητας εμφάνισης του φαινομένου ή του μετριασμού των συνεπειών του	Ετοιμότητα	Δήμοι, Περιφέρειες, Αποκεντρωμένες Διοικήσεις, ΕΛ.ΑΣ, Πυροσβεστικό Σώμα, Φορείς συντήρησης,	-	-
FL12	Πλημμυρικά φαινόμενα	Λήψη μέτρων σε κατάσταση αυξημένης ετοιμότητας	Λήψη μέτρων σε επικίνδυνα σημεία του οδικού δικτύου (π.χ. σε ιρλανδικές διαβάσεις όπου χείμαρροι διασταυρώνονται με το οδικό δίκτυο χωρίς γέφυρα	Ετοιμότητα	ΕΛ.ΑΣ, Δήμοι, Περιφέρειες, Αποκεντρωμένες Διοικήσεις, Φορείς συντήρησης	-	-
FL13	Πλημμυρικά φαινόμενα	Ενημέρωση και πληροφόρηση του κοινού	Έκδοση δελτίων τύπου και αποστολή τους στα Μέσα Μαζικής Ενημέρωσης, ανάρτηση σε δικτυακό χώρο, με στόχο την ενημέρωση του κοινού για τη λήψη μέτρων αυτοπροστασίας από ενδεχόμενους κινδύνους που προέρχονται από πλημμυρικά φαινόμενα	Ετοιμότητα	Γενική Γραμματεία Πολιτικής Προστασίας	-	-
FL14	Πλημμυρικά φαινόμενα	Ενημέρωση και πληροφόρηση του κοινού	Ενημέρωση του κοινού για την επικρατούσα κατάσταση προσβασιμότητα του οδικού δικτύου	Αντιμετώπιση	ΕΛ.ΑΣ	-	-
FL15	Πλημμυρικά φαινόμενα	Αρχική ειδοποίηση - πρώτη εκτίμηση επιπτώσεων	Επίσημη ενημέρωση του Κέντρου Επιχειρήσεων της Γενικής Γραμματείας και των εμπλεκομένων φορέων για την επικρατούσα κατάσταση στην περιοχή ευθύνης	Αντιμετώπιση	ΕΛ.ΑΣ	-	Πυροσβεστικό Σώμα
FL16	Πλημμυρικά φαινόμενα	Αρχική ειδοποίηση - πρώτη εκτίμηση επιπτώσεων	Επικοινωνία του Κέντρου Επιχειρήσεων Πολιτικής Προστασίας με τα αποκεντρωμένα όργανα πολιτικής προστασίας	Αντιμετώπιση	Γενική Γραμματεία Πολιτικής Προστασίας	Κέντρο Επιχειρήσεων	-
FL17	Πλημμυρικά φαινόμενα	Αρχική ειδοποίηση - πρώτη εκτίμηση επιπτώσεων	Επικοινωνία μεταξύ των επιχειρησιακών φορέων και των αποκεντρωμένων οργάνων πολιτικής προστασίας	Αντιμετώπιση	ΕΛ.ΑΣ	-	Όλοι οι φορείς
FL18	Πλημμυρικά φαινόμενα	Αρχική ειδοποίηση - πρώτη εκτίμηση επιπτώσεων	Πραγματοποίηση πτήσεων πάνω από τις πληγείσες περιοχές για την από αέρος συλλογή πληροφοριών σχετικά με τις επιπτώσεις της πλημμύρας και την επικρατούσα κατάσταση	Αντιμετώπιση	ΕΛ.ΑΣ	-	-
FL19	Πλημμυρικά φαινόμενα	Εμπλοκή φορέων, αντιμετώπιση του φαινομένου και διαχείριση των συνεπειών	Αστική έρευνα και διάσωση, άντληση υδάτων	Αντιμετώπιση	Π.Σ.	-	ΕΛ.ΑΣ., Λ.Σ., ΕΚΑΒ, Τεχνικές Υπηρεσίες των Δήμων
FL20	Πλημμυρικά φαινόμενα	Εμπλοκή φορέων, αντιμετώπιση του φαινομένου και τη διαχείριση των συνεπειών	Λήψη μέτρων τροχαίας (προσωρινή σήμανση, εκτροπή κυκλοφορίας κτλ.) ή και διακοπής της κυκλοφορίας προς αποφυγή ατυχημάτων και προς διευκόλυνση του έργου της αποκατάστασης, σε περιπτώσεις που τμήμα του οδοστρώματος του οδικού δικτύου της χώρας έχει κατακλυστεί από πλημμυρικά ύδατα ή έχουν σημειωθεί φθορές ή ζημιές λόγω έντονων βροχοπτώσεων.	Αντιμετώπιση	ΕΛ.ΑΣ	Τροχαία	-
FL21	Πλημμυρικά φαινόμενα	Εμπλοκή φορέων, αντιμετώπιση του φαινομένου και τη διαχείριση των συνεπειών	Λήψη μέτρων τάξης και ασφάλειας περιμετρικά των χώρων επιχειρήσεων του Π.Σ., καθώς και όπου αλλού απαιτείται η επιπρόσθετη λήψη μέτρων ασφάλειας για την διευκόλυνση του έργου των σωστικών συνεργείων και των συνεργείων αποκατάστασης, καθώς και για τη προστασία της ζωής και της περιουσίας των πολιτών	Αντιμετώπιση	ΕΛ.ΑΣ	-	-
FL22	Πλημμυρικά φαινόμενα	Εμπλοκή φορέων, αντιμετώπιση του φαινομένου και τη διαχείριση των συνεπειών	Διακομιδή τραυματιών	Αντιμετώπιση	ΕΚΑΒ	-	Υγειονομικές Μονάδες, Π.Σ, ΕΛ.ΑΣ
FL23	Πλημμυρικά φαινόμενα	Εμπλοκή φορέων, αντιμετώπιση του φαινομένου και τη διαχείριση των συνεπειών	Συνδρομή στο έργο της μεταφοράς τραυματιών όταν οι μονάδες του ΕΚΑΒ δεν επαρκούν	Αντιμετώπιση	ΕΛ.ΑΣ	-	-
FL24	Πλημμυρικά φαινόμενα	Εμπλοκή φορέων, αντιμετώπιση του φαινομένου και τη διαχείριση των συνεπειών	Συγκρότηση κατάλληλων συνεργείων για τη άμεση αποκατάσταση της λειτουργίας υποδομών που έχει επηρεαστεί η ομαλή λειτουργία τους ή που υπέστησαν ζημιές από τις πλημμύρες στην περιοχή ευθύνης	Αντιμετώπιση	Δήμοι, Περιφέρειες	-	-
FL25	Πλημμυρικά φαινόμενα	Εμπλοκή φορέων, αντιμετώπιση του φαινομένου και τη διαχείριση των συνεπειών	Διασφάλιση της λειτουργίας των Υπηρεσιών	Αντιμετώπιση	Αποκεντρωμένα Όργανα Πολιτικής Προστασίας	-	-
FL26	Πλημμυρικά φαινόμενα	Εμπλοκή φορέων, αντιμετώπιση του φαινομένου και τη διαχείριση των συνεπειών	Έλεγχος υποδομών και τεχνικών έργων αρμοδιότητάς τους για τη διαπίστωση ζημιών που προκλήθηκαν από πλημμύρες ή άλλα επαγόμενα των πλημμυρών φαινόμενα (κατολισθήσεις, κλπ.) και αποκατάσταση της λειτουργίας τους	Αντιμετώπιση	Δήμοι, Περιφέρειες	-	-
FL27	Πλημμυρικά φαινόμενα	Εμπλοκή φορέων, αντιμετώπιση του φαινομένου και τη διαχείριση των συνεπειών	Καθαρισμός εντός των πλημμυρισμένων περιοχών των εσχαρών των φρεατίων υδροσυλλογής στις οδούς αρμοδιότητάς τους και καθαρισμός λοιπών αντιπλημμυρικών έργων αρμοδιότητάς τους από φερτά υλικά	Αντιμετώπιση	Δήμοι, Περιφέρειες	-	-
FL28	Πλημμυρικά φαινόμενα	Εμπλοκή φορέων, αντιμετώπιση του φαινομένου και τη διαχείριση των συνεπειών	Αποκατάσταση βατότητας των αποκλεισμένων οδών αρμοδιότητάς τους με την απομάκρυνση φερτών υλικών και πλημμυρικών υδάτων από το οδόστρωμα και αποκατάσταση της οδικής κυκλοφορίας	Αντιμετώπιση	Δήμοι, Περιφέρειες	-	-
FL29	Πλημμυρικά φαινόμενα	Εμπλοκή φορέων, αντιμετώπιση του φαινομένου και τη διαχείριση των συνεπειών	Υγειονομικός έλεγχος λειτουργίας των συστημάτων ύδρευσης στις πληγείσες περιοχές, για τη διασφάλιση της ποιότητας του πόσιμου ύδατος	Αντιμετώπιση	ΟΤΑ και φορείς ύδρευσης	-	Περιφέρειες-Δ/νση Δημόσιας Υγείας της οικείας Περιφερειακής Ενότητας
FL30	Πλημμυρικά φαινόμενα	Κήρυξη περιοχών σε κατάσταση έκτακτης ανάγκης	Εισήγηση για τη κήρυξη μιας περιοχής σε κατάσταση έκτακτης ανάγκης	Αντιμετώπιση	-	-	-
FL31	Πλημμυρικά φαινόμενα	Κήρυξη περιοχών σε κατάσταση έκτακτης ανάγκης	Σε περιπτώσεις καταστροφών μικρής έκτασης, ο Γενικός Γραμματέας Πολιτικής Προστασίας εξουσιοδοτεί τον Γενικό Γραμματέα Α/Δ ή τον Οικείο Περιφερειάρχη σχετικά με την κήρυξη	Αντιμετώπιση	Γενική Γραμματεία Πολιτικής Προστασίας, Αποκεντρωμένες Διοικήσεις, Περιφέρειες,	Γενικός Γραμματέας Πολιτικής Προστασίας, Γενικός Γραμματέας Α/Δ, Περιφερειάρχης	-
FL32	Πλημμυρικά φαινόμενα	Κήρυξη περιοχών σε κατάσταση έκτακτης ανάγκης	Σε περιπτώσεις που η καταστροφή εκτείνεται σε περισσότερες από τρείς Περιφέρειες της χώρας, εισήγηση του Γ.Γ.Π.Π στον αρμόδιο Αναπληρωτή Υπουργό Εσωτερικών για τον χαρακτηρισμό της καταστροφής ως γενικής και την έκδοση της αντίστοιχης απόφασης για την κήρυξη κατάστασης έκτακτης ανάγκης	Αντιμετώπιση	Υπουργείο Εσωτερικών, Γενική Γραμματεία Πολιτικής Προστασίας	Αναπληρωτής Υπουργός Εσωτερικών, Γενικός Γραμματέας Πολιτικής Προστασίας, Περιφερειάρχης	-
FL33	Πλημμυρικά φαινόμενα	Εμπλοκή φορέων, αντιμετώπιση του φαινομένου και τη διαχείριση των συνεπειών	Υποστήριξη του έργου των λοιπών επιχειρησιακά εμπλεκομένων φορέων	Αντιμετώπιση	Αποκεντρωμένα Όργανα Πολιτικής Προστασίας	-	-
FL34	Πλημμυρικά φαινόμενα	Εμπλοκή φορέων, αντιμετώπιση του φαινομένου και τη διαχείριση των συνεπειών	Έλεγχοι σε κρίσιμες υποδομές όπως φράγματα, δίκτυο φυσικού αερίου, δίκτυο ηλεκτροδότησης	Αντιμετώπιση	Φορείς λειτουργίας και συντήρησης δικτύων κοινής ωφέλειας και υποδομών	-	-
FL35	Πλημμυρικά φαινόμενα	Οργανωμένη απομάκρυνση πολιτών	Λήψη της απόφασης για την οργανωμένη απομάκρυνση των πολιτών σε τοπικό επίπεδο	Αντιμετώπιση	Δήμοι	Δήμαρχοι	-
FL36	Πλημμυρικά φαινόμενα	Οργανωμένη απομάκρυνση πολιτών	Λήψη της απόφασης για την οργανωμένη απομάκρυνση των πολιτών όταν η καταστροφή επηρεάζει δύο ή περισσότερους δήμους	Αντιμετώπιση	Περιφέρειες	Περιφερειάρχες	-
FL37	Πλημμυρικά φαινόμενα	Οργανωμένη απομάκρυνση πολιτών	Λήψη της απόφασης για την οργανωμένη απομάκρυνση των πολιτών όταν οι καταστροφή σε περιπτώσεις περιφερειακής καταστροφής μικρής έντασης, ή σε τοπικές καταστροφές μικρής έντασης σε περιπτώσεις που ορίζονται από το Ν.4249/2014, άρθρο 108 παρ 5.6Ι	Αντιμετώπιση	Γενικός Γραμματέας Π.Π. ή Αποκεντρωμένες Διοικήσεις	Γενικός Γραμματεάς Π.Π.ή Γενικός Γραμματέας Α/Δ	Δήμαρχοι, Περιφερειάρχες
FL38	Πλημμυρικά φαινόμενα	Ενέργεις αποτίμησης και απολογισμού	Τήρησης ειδικού φακέλου για τις γενικές, περιφερειακές ή τοπικές μεγάλης έντασης καταστροφές λόγω πλημμυρών	Αποκατάσταση	Γενική Γραμματεία Πολιτικής Προστασίας	-	-
FL39	Πλημμυρικά φαινόμενα	Ενέργεις αποτίμησης και απολογισμού	Συγκέντρωση των καταγραφών των επιπτώσεων από τους διάφορους φορείς σε περιπτωσεις περιφερειακών ή τοπικών καταστροφών μεγάλης έντασης λόγω πλημμυρών	Αποκατάσταση	Αποκεντρωμένες Διοικήσεις	Δ/νσεις Πολιτικής Προστασίας	-
E1	Σεισμοί	Ενέργειες σχεδιασμού	Επεξεργασία και σχεδιασμός της αντισεισμικής πολιτικής της χώρας	Πρόληψη	ΟΑΣΠ	-	-
E2	Σεισμοί	Ενέργειες σχεδιασμού	Συντονισμός των ενεργειών δημοσίου και ιδιωτικού δυναμικού για την εφαρμογή της αντισεισμικής πολιτικής	Πρόληψη	ΟΑΣΠ	-	-
E3	Σεισμοί	Ενέργειες σχεδιασμού	Σχεδιασμός, εκπόνηση, συντονισμός και παρακολούθηση του έργου της εκπαίδευσης και ενημέρωσης του πληθυσμού καθώς και στελεχών φορέων του δημοσίου	Πρόληψη	ΟΑΣΠ	-	-
E4	Σεισμοί	Ενημέρωση και πληροφόρηση του κοινού	Ενημέρωση του κοινού για τη λήψη μέτρων αυτοπροστασίας από κινδύνους που προέρχονται από σεισμούς	Πρόληψη	ΟΑΣΠ	-	Γενική Γραμματεία Πολιτικής Προστασίας
E5	Σεισμοί	Εκπαίδευση και ενημέρωση του πληθυσμού και στελεχών φορέων του δημοσίου	Ενημέρωση του κοινού σε τοπικό επίπεδο	Πρόληψη	Αποκεντρωμένα Όργανα Πολιτικής Προστασίας	Δ/νσεις Πολιτικής Προστασίας Α/Δ, Περιφερειών, Γραφεία Πολιτικής Προστασίας Δήμων	-
E6	Σεισμοί	Εκπαίδευση και ενημέρωση του πληθυσμού και στελεχών φορέων του δημοσίου	Πραγματοποίηση άσκησης εγκατάλειψης σχολικών κτιρίων	Πρόληψη	ΥΠΕΠΘ	-	ΟΑΣΠ
E7	Σεισμοί	Δράσεις πρόληψης αποκεντρωμένων οργάνων πολιτικής προστασίας	Σύσταση επιτροπών πρωτοβάθμιου προσεισμικού ελέγχου κτιρίων αρμοδιότητας των φορέων	Πρόληψη	Αποκεντρωμένα Όργανα Πολιτικής Προστασίας	Δ/νσεις Πολιτικής Προστασίας Α/Δ, Περιφερειών, Γραφεία Δήμων	ΟΑΣΠ
E8	Σεισμοί	Δράσεις πρόληψης αποκεντρωμένων οργάνων πολιτικής προστασίας	Λήψη μέτρων προστασίας, όπου αυτό απαιτείται ανάλογα με τα αποτελέσματα του προσεισμικού ελέγχου	Πρόληψη	Αποκεντρωμένα Όργανα Πολιτικής Προστασίας	-	-
E9	Σεισμοί	Δράσεις ετοιμότητας αποκεντρωμένων οργάνων πολιτικής προστασίας	Καθορισμός κτιρίου του φορέα από το οποίο ο υπεύθυνος του φορέα θα συντονίζει τις δυνάμεις και τα μέσα σε περίπτωση έκτακτης ανάγκης	Ετοιμότητα	Αποκεντρωμένα Όργανα Πολιτικής Προστασίας	Δ/νσεις Πολιτικής Προστασίας Α/Δ, Περιφερειών, Γραφεία Δήμων	-
E10	Σεισμοί	Δράσεις ετοιμότητας αποκεντρωμένων οργάνων πολιτικής προστασίας	Κατάρτιση και τήρηση επικαιροποιημένου καταλόγου των επιχειρησιακά έτοιμων μέσων και υπευθύνων χειριστών τους που διαθέτουν οι Yπηρεσίες	Ετοιμότητα	Αποκεντρωμένα Όργανα Πολιτικής Προστασίας	Δ/νσεις Πολιτικής Προστασίας Α/Δ, Περιφερειών, Γραφεία Δήμων	-
E11	Σεισμοί	Δράσεις ετοιμότητας αποκεντρωμένων οργάνων πολιτικής προστασίας	Kατάρτιση και τήρηση επικαιροποιημένου καταλόγου (μητρώου) υπαλλήλων που διαθέτουν τα κατάλληλα επαγγελματικά προσόντα, προκειμένου να συνδράμουν το έργο της Υπηρεσίας Αποκατάστασης Σεισμοπλήκτων (Υ.Α.Σ.)	Ετοιμότητα	Αποκεντρωμένα Όργανα Πολιτικής Προστασίας	Δ/νσεις Πολιτικής Προστασίας Α/Δ, Περιφερειών, Γραφεία Δήμων	-
E12	Σεισμοί	Δράσεις ετοιμότητας αποκεντρωμένων οργάνων πολιτικής προστασίας	Σύνταξη μνημονίου ενεργειών για την αντιμετώπιση εκτάκτων αναγκών και διαχείριση των συνεπειών από την εκδήλωση σεισμικών φαινομένων	Ετοιμότητα	Αποκεντρωμένα Όργανα Πολιτικής Προστασίας	Δ/νσεις Πολιτικής Προστασίας Α/Δ, Περιφερειών, Γραφεία Δήμων	-
E13	Σεισμοί	Δράσεις ετοιμότητας αποκεντρωμένων οργάνων πολιτικής προστασίας	Τήρηση, έλεγχος και συντήρηση αποθηκευμένων υλικών και μέσων για την προσωρινή στέγαση πληγέντων από καταστροφές	Ετοιμότητα	Περιφέρειες	Αρμόδια Δ/νση των Περιφερειών	Αρμόδιες υπηρεσίες του Υ.Υ.Κ.Α. (Δ/νση Κοινωνικής Αντίληψης και Αλληλεγγύης, Ε.Κ.ΕΠ.Υ
E14	Σεισμοί	Δράσεις ετοιμότητας αποκεντρωμένων οργάνων πολιτικής προστασίας	Προσδιορισμός ή επανέλεγχος των χώρων ικανών για την υποδοχή και διαβίωση των πληγέντων μετά από σεισμό (χώροι καταυλισμών).	Ετοιμότητα	Περιφέρειες	Δ/νσεις Πολιτικής Προστασίας, Δ/νσεις Τεχνικών Έργων	Δήμοι
E15	Σεισμοί	Σύγκληση των Συντονιστικών Οργάνων Πολιτικής Προστασίας (ΣΟΠΠ) των Περιφερειακών Ενοτήτων	Οριστικοποίηση των θέσεων των χώρων καταυλισμού	Ετοιμότητα	Περιφέρειες	Δ/νσεις Πολιτικής Προστασίας	Όλοι οι εμπλεκόμενοι φορείς
E16	Σεισμοί	Σύγκληση των Συντονιστικών Οργάνων Πολιτικής Προστασίας (ΣΟΠΠ) των Περιφερειακών Ενοτήτων	Συζήτηση ζητημάτων τα οποία αφορούν τη συνεργασία των φορέων για την άμεση απόκριση και την αντιμετώπιση εκτάκτων αναγκών και διαχείριση των συνεπειών λόγω σεισμικών φαινομένων	Ετοιμότητα	Περιφέρειες	Δ/νση Πολιτικής Προστασίας των Περιφερειών	-
E17	Σεισμοί	Σύγκληση των Συντονιστικών Οργάνων Πολιτικής Προστασίας (ΣΟΠΠ) των Περιφερειακών Ενοτήτων	Κοινοποίηση των πρακτικών της συνεδρίασης σε Α/Δ και Δήμους	Ετοιμότητα	Περιφέρειες	Δ/νση Πολιτικής Προστασίας των Περιφερειών	-
E18	Σεισμοί	Σύγκληση των Συντονιστικών Τοπικών Οργάνων (ΣΤΟ) των Δήμων	Συντονισμός των φορέων που εμπλέκονται σε επίπεδο Δήμου σε δράσεις πολιτικής προστασίας για την ετοιμότητα αντιμετώπισης εκτάκτων αναγκών και διαχείρισης συνεπειών από την εκδήλωση σεισμικών φαινομένων	Ετοιμότητα	Δήμοι	Γραφείο Πολιτικής Προστασίας των Δήμων	-
E19	Σεισμοί	Σύγκληση των Συντονιστικών Τοπικών Οργάνων (ΣΤΟ) των Δήμων	Κοινοποίηση των πρακτικών της συνεδρίασης σε Περιφέρεια και Α/Δ	Ετοιμότητα	Δήμοι	Γραφείο Πολιτικής Προστασίας των Δήμων	-
E20	Σεισμοί	Αρχική Αναγγελία / Ειδοποίηση Σεισμού	Συλλογή πληροφοριών μετά την εκδήλωση του φαινομένου, σχετικών με την επικρατούσα κατάσταση και τις επηρεαζόμενες περιοχές (περιοχές όπου έγινε αισθητή η σεισμική δόνηση	Αντιμετώπιση	ΕΛ.ΑΣ	-	Πυροσβεστικό Σώμα
E21	Σεισμοί	Αρχική Αναγγελία / Ειδοποίηση Σεισμού	Ενημέρωση της ΓΓΠΠ και των αποκεντρωμένων οργάνων πολιτικής προστασίας	Αντιμετώπιση	ΕΛ.ΑΣ	-	-
E22	Σεισμοί	Αρχική Αναγγελία / Ειδοποίηση Σεισμού	Εφαρμογή των μνημονίων ενεργειών και επικοινωνία με τους επιχειρησιακά εμπλεκόμενους φορείς (ΕΛ.ΑΣ, ΠΣ) με στόχο την συλλογή πληροφοριών	Αντιμετώπιση	Αποκεντρωμένα Όργανα Πολιτικής Προστασίας	Δ/νσεις Πολιτικής Προστασίας Α/Δ, Περιφερειών, Γραφεία Δήμων	-
E23	Σεισμοί	Ανακοίνωση σεισμού και πρώτη εκτίμηση επιπτώσεων	Επίσημη ανακοίνωση του σεισμού (ώρα εκδήλωσης, επίκεντρο, μέγεθος, χαρακτηρισμός) και ενημέρωση της ΓΓΠΠ και του ΟΑΣΠ	Αντιμετώπιση	Γεωδυναμικό Ινστιτούτο	-	-
E24	Σεισμοί	Ανακοίνωση σεισμού και πρώτη εκτίμηση επιπτώσεων	Συλλογή πληροφοριών σχετικά με τις επιπτώσεις του σεισμού	Αντιμετώπιση	ΕΛ.ΑΣ	-	Πυροσβεστικό Σώμα
E25	Σεισμοί	Ανακοίνωση σεισμού και πρώτη εκτίμηση επιπτώσεων	Επικοινωνία με τις αστυνομικές αρχές για την πρώτη εκτίμηση της κατάστασης	Αντιμετώπιση	ΟΑΣΠ, Αποκεντρωμένα Όργανα Πολιτικής Προστασίας	Δ/νσεις Πολιτικής Προστασίας Α/Δ, Περιφερειών, Γραφεία Δήμων	-
E26	Σεισμοί	Ανακοίνωση σεισμού και πρώτη εκτίμηση επιπτώσεων	Πραγματοποίηση πτήσεων επάνω από τις πληγείσες περιοχές όταν αυτό είναι αναγκαίο	Αντιμετώπιση	ΕΛ.ΑΣ	-	-
E27	Σεισμοί	Ανακοίνωση σεισμού και πρώτη εκτίμηση επιπτώσεων	Επικοινωνία μεταξύ των φορέων για την αρχική εκτίμηση της κατάστασης	Αντιμετώπιση	Όλοι οι φορείς (Γενική Γραμματεία Πολιτικής Προστασίας, Αποκεντρωμένα όργανα, ΟΑΣΠ, ΕΛ.ΑΣ, ΠΣ)	-	-
E28	Σεισμοί	Κινητοποίηση	Λήψη μέτρων τροχαίας κίνησης για την διευκόλυνση της κίνησης των οχημάτων έκτακτης ανάγκης και για την διευκόλυνση της κίνησης των πολιτών προς ασφαλείς υπαίθριους χώρους (χώροι καταφυγής)	Αντιμετώπιση	ΕΛ.ΑΣ	-	-
E29	Σεισμοί	Κινητοποίηση	Λήψη μέτρων τάξης και ασφάλειας περιμετρικά των χώρων επιχειρήσεων του Π.Σ., στους χώρους που έχουν καταφύγει οι πολίτες (χώροι καταφυγής), καθώς και όπου αλλού απαιτείται η επιπρόσθετη λήψη μέτρων ασφάλειας για την διευκόλυνση του έργου των σωστικών συνεργείων	Αντιμετώπιση	ΕΛ.ΑΣ	-	-
E30	Σεισμοί	Κινητοποίηση	Συνδρομή στο έργο της μεταφοράς τραυματιών σε νοσηλευτικές μονάδες σε περιπτώσεις που δεν επαρκούν τα διαθέσιμα μέσα του ΕΚΑΒ και αν παραστεί ανάγκη, δύναται	Αντιμετώπιση	ΕΛ.ΑΣ	-	-
E31	Σεισμοί	Κινητοποίηση	Κινητοποίηση και κλιμάκωση των δράσεων αναλόγως της φύσης και της έκτασης των συμβάντων αρμοδιότητάς τους (αστική έρευνα και διάσωση, κατάσβεση πυρκαγιών, κτλ.)	Αντιμετώπιση	Π.Σ	-	-
E32	Σεισμοί	Κινητοποίηση	Kλιμάκωση της επιχειρησιακής δράσης βάσει των αναγκών για την υλοποίηση των δράσεων πολιτικής προστασίας,	Αντιμετώπιση	Αποκεντρωμένα Όργανα Πολιτικής Προστασίας, ΕΚΑΒ	-	-
E33	Σεισμοί	Κινητοποίηση	Ενεργοποίηση της Ομάδα Διαχείρισης Κρίσεων (Ο.ΔΙ.Κ.) του ΕΚΑΒ	Αντιμετώπιση	-	-	-
E34	Σεισμοί	Κινητοποίηση	Γενικότερος συντονισμός των φορέων που έχουν την ευθύνη για την υλοποίηση δράσεων σχετικών με την αντιμετώπιση εκτάκτων καταστάσεων που αφορούν στην δημόσια υγεία (ετοιμότητα και λειτουργία των νοσηλευτικών μονάδων για την υποδοχή τραυματιών/ασθενών, κάλυψη αυξημένων αναγκών σε φαρμακευτικό υλικό, ψυχοκοινωνική υποστήριξη στις πληγείσες περιοχές από κλιμάκια του , επιδημιολογική επιτήρηση, έλεγχοι Δημόσιας Υγείας (Ύδατος, Υγιεινής χώρου φύλαξης τροφίμων) κλπ.)	Αντιμετώπιση	Εθνικό Κέντρο Επιχειρήσεων Υγείας (Ε.Κ.ΕΠ.Υ),	-	ΕΚΑΒ, ΕΚΚΑ, ΚΕΕΛΠΝΟ,
E35	Σεισμοί	Κινητοποίηση	Χαρακτηρισμός της καταστροφής και κήρυξη περιοχής σε κατάσταση έκτακτης ανάγκης αν αυτό απαιτείται	Αντιμετώπιση	Γενική Γραμματεία Πολιτικής Προστασίας	Γενικός Γραμματέας Πολιτικής Προστασίας	Αποκεντρωμένες Διοικήσεις, Περιφέρειες
E36	Σεισμοί	Κινητοποίηση	Έλεγχος υποδομών και τεχνικών έργων (δίκτυο ύδρευσης, οδικό δίκτυο, κλπ.) για τη διαπίστωση ζημιών και εκτίμηση του δυναμικού και των μέσων που απαιτούνται για την αποκατάστασή τους	Αντιμετώπιση	Δήμοι, Περιφέρειες	Τεχνικές Υπηρεσίες	-
E37	Σεισμοί	Κινητοποίηση	Υποστήριξη του έργου άλλων επιχειρησιακά εμπλεκομένων φορέων	Αντιμετώπιση	Αποκεντρωμένα Όργανα Πολιτικής Προστασίας	Τεχνικές Υπηρεσίες	-
E38	Σεισμοί	Κινητοποίηση	Εκτίμηση του δυναμικού και των μέσων που απαιτούνται για την αποκατάσταση των ζημιών	Αντιμετώπιση	Αποκεντρωμένα Όργανα Πολιτικής Προστασίας	Τεχνικές Υπηρεσίες	-
E39	Σεισμοί	Κινητοποίηση	Οπτικός έλεγχος των κρίσιμων, για τη λειτουργία του φορέα σε κατάσταση έκτακτης ανάγκης, κτιριακών εγκαταστάσεων (κτίρια, εργοτάξια, κλπ.) για τη διαπίστωση τυχόν βλαβών και εξέταση εναλλακτικών λύσεων.	Αντιμετώπιση	Αποκεντρωμένα Όργανα Πολιτικής Προστασίας	Τεχνικές Υπηρεσίες	-
E40	Σεισμοί	Κινητοποίηση	Αποκατάσταση των ζημιών σε υποδομές αρμοδιότητάς των φορέων που προκλήθηκαν από τον σεισμό στην περιοχή ευθύνης τους, όπως διάνοιξη αποκλεισμένων δρόμων από καταρρεύσεις, αποκατάσταση υποδομών	Αντιμετώπιση	Δήμοι, Περιφέρειες	Τεχνικές Υπηρεσίες	-
S1	Έντονα καιρικά φαινόμενα, χιονοπτώσεις, παγετός	Προγραμματισμός έργων και δράσεων χειμερινής συντήρησης για την αντιμετώπιση προβλημάτων από χιονοπτώσεις και παγετό στο οδικό δίκτυο	Εκτέλεση έργων και δράσεων για την αντιμετώπιση χιονοπτώσεων και παγετού ανά οδικό άξονα	Πρόληψη	Φορείς συντήρησης οδικού δικτύου	Συμβασιούχοι Παραχώρησης, Τεχνικές Υπηρεσίες Περιφερειών, Δήμων	-
S2	Έντονα καιρικά φαινόμενα, χιονοπτώσεις, παγετός	Προγραμματισμός έργων και δράσεων χειμερινής συντήρησης για την αντιμετώπιση προβλημάτων από χιονοπτώσεις και παγετό στο οδικό δίκτυο	Λειτουργία σταθμών αποχιονισμού	Πρόληψη	Φορείς συντήρησης οδικού δικτύου	Συμβασιούχοι Παραχώρησης, Τεχνικές Υπηρεσίες Περιφερειών, Δήμων	-
S3	Έντονα καιρικά φαινόμενα, χιονοπτώσεις, παγετός	Προγραμματισμός έργων και δράσεων χειμερινής συντήρησης για την αντιμετώπιση προβλημάτων από χιονοπτώσεις και παγετό στο οδικό δίκτυο	Αποτίμηση του έργου του αποχιονισμού κατά την προηγούμενη χειμερινή περίοδο με συστηματική καταγραφή των προβλημάτων που προέκυψαν	Πρόληψη	Φορείς συντήρησης οδικού δικτύου	Συμβασιούχοι Παραχώρησης, Τεχνικές Υπηρεσίες Περιφερειών, Δήμων	-
S4	Έντονα καιρικά φαινόμενα, χιονοπτώσεις, παγετός	Προγραμματισμός έργων και δράσεων χειμερινής συντήρησης για την αντιμετώπιση προβλημάτων από χιονοπτώσεις και παγετό στο οδικό δίκτυο	Προγραμματισμός πόρων και ανθρώπινου δυναμικού	Πρόληψη	Φορείς συντήρησης οδικού δικτύου	Συμβασιούχοι Παραχώρησης, Τεχνικές Υπηρεσίες Περιφερειών, Δήμων	-
S5	Έντονα καιρικά φαινόμενα, χιονοπτώσεις, παγετός	Προγραμματισμός έργων και δράσεων χειμερινής συντήρησης για την αντιμετώπιση προβλημάτων από χιονοπτώσεις και παγετό στο οδικό δίκτυο	Προμήθεια και αποθήκευση υλικών (πχ αλάτι, ψηφίδα, κτλ.) βάσει των προβλεπόμενων αναγκών	Πρόληψη	Φορείς συντήρησης οδικού δικτύου	Συμβασιούχοι Παραχώρησης, Τεχνικές Υπηρεσίες Περιφερειών, Δήμων	-
S6	Έντονα καιρικά φαινόμενα, χιονοπτώσεις, παγετός	Προγραμματισμός έργων και δράσεων χειμερινής συντήρησης για την αντιμετώπιση προβλημάτων από χιονοπτώσεις και παγετό στο οδικό δίκτυο	Συντήρηση εξοπλισμού και μηχανημάτων	Πρόληψη	Φορείς συντήρησης οδικού δικτύου	Συμβασιούχοι Παραχώρησης, Τεχνικές Υπηρεσίες Περιφερειών, Δήμων	-
S7	Έντονα καιρικά φαινόμενα, χιονοπτώσεις, παγετός	Προγραμματισμός έργων και δράσεων χειμερινής συντήρησης για την αντιμετώπιση προβλημάτων από χιονοπτώσεις και παγετό στο οδικό δίκτυο	Μίσθωση ιδιωτικών μέσων	Πρόληψη	Φορείς συντήρησης οδικού δικτύου	Συμβασιούχοι Παραχώρησης, Τεχνικές Υπηρεσίες Περιφερειών, Δήμων	-
S8	Έντονα καιρικά φαινόμενα, χιονοπτώσεις, παγετός	Προγραμματισμός έργων και δράσεων χειμερινής συντήρησης για την αντιμετώπιση προβλημάτων από χιονοπτώσεις και παγετό στο οδικό δίκτυο	Ολοκλήρωση διαδικασιών πρόσληψης εποχιακού εργατοτεχνικού προσωπικού	Πρόληψη	Φορείς συντήρησης οδικού δικτύου	Συμβασιούχοι Παραχώρησης, Τεχνικές Υπηρεσίες Περιφερειών, Δήμων	-
S9	Έντονα καιρικά φαινόμενα, χιονοπτώσεις, παγετός	Προγραμματισμός έργων και δράσεων χειμερινής συντήρησης για την αντιμετώπιση προβλημάτων από χιονοπτώσεις και παγετό στο οδικό δίκτυο	Προτεραιοποίηση των οδικών αξόνων ως προς την επέμβαση σε περιπτώσεις αδυναμίας συνολικής αντιμετώπισης προβλημάτων	Πρόληψη	Φορείς συντήρησης οδικού δικτύου	Συμβασιούχοι Παραχώρησης, Τεχνικές Υπηρεσίες Περιφερειών, Δήμων	-
S10	Έντονα καιρικά φαινόμενα, χιονοπτώσεις, παγετός	Προγραμματισμός έργων και δράσεων χειμερινής συντήρησης για την αντιμετώπιση προβλημάτων από χιονοπτώσεις και παγετό στο οδικό δίκτυο	Πραγματοποίηση Συντονιστικού Πολιτικής Προστασίας	Πρόληψη, Ετοιμότητα	Περιφέρειες, Δήμοι	Δ/νση Πολιτικής Προστασίας των Περιφερειών, Τμήματα Πολιτικής Προστασίας Π.Ε., Γραφείο Πολιτικής Προστασίας Δήμων	-
S11	Έντονα καιρικά φαινόμενα, χιονοπτώσεις, παγετός	Χαρτογραφική απεικόνιση σχεδίων αποχιονισμού του κύριου οδικού δικτύου της ηπειρωτικής χώρας	Καταγραφή των θέσεων αρχικής στάθμευσης των μηχανημάτων, των μέσων που διατίθενται αθροιστικά ανά θέση σε αρχικό στάδιο και ανά οδικό άξονα και των σημείων στάθμευσης των ς των περιπολικών του Π.Σ. κατά την αυξημένη ετοιμότητα	Πρόληψη	Γενική Γραμματεία Πολιτικής Προστασίας	Διεύθυνση Σχεδιασμού και Αντιμετώπισης Εκτάκτων Αναγκών	Συμβασιούχοι Παραχώρησης, Τεχνικές Υπηρεσίες Περιφερειών, Δήμων, Πυροσβεστικό Σώμα
S12	Έντονα καιρικά φαινόμενα, χιονοπτώσεις, παγετός	Ετοιμότητα φορέων για την αντιμετώπιση εκτάκτων αναγκών λόγω χιονοπτώσεων και παγετού	Διαβίβαση των έκτακτων δελτίων επιδείνωσης καιρού που εκδίδει η ΕΜΥ	Ετοιμότητα	Γενική Γραμματεία Πολιτικής Προστασίας	Κέντρο Επιχειρήσεων	-
S13	Έντονα καιρικά φαινόμενα, χιονοπτώσεις, παγετός	Ετοιμότητα φορέων για την αντιμετώπιση εκτάκτων αναγκών λόγω χιονοπτώσεων και παγετού	Προώθηση των έκτακτων δελτίων επιδείνωσης καιρού που εκδίδει η ΕΜΥ στους Δήμους	Ετοιμότητα	Αποκεντρωμένες Διοικήσεις	Δ/νση Πολιτικής Προστασίας Α/Δ	Περιφέρειες
S14	Έντονα καιρικά φαινόμενα, χιονοπτώσεις, παγετός	Ετοιμότητα φορέων για την αντιμετώπιση εκτάκτων αναγκών λόγω χιονοπτώσεων και παγετού	Σύνταξη μνημονίου ενεργειών και κοινοποίηση σε όλους τους εμπλεκόμενους φορείς	Ετοιμότητα	Περιφέρειες, Δήμοι, Αποκεντρωμένες Διοικήσεις	Δ/νση Πολιτικής Προστασίας Α/Δ, Δ/νση Πολιτικής Προστασίας Περιφερειών, Γραφεία Πολιτικής Προστασίας Δήμων	-
S15	Έντονα καιρικά φαινόμενα, χιονοπτώσεις, παγετός	Ενημέρωση κοινού και παροχή οδηγιών για ενδεχόμενους κινδύνους από χιονοπτώσεις και παγετό	Ενημέρωση του κοινού για τη λήψη μέτρων αυτοπροστασίας σε κεντρικό επίπεδο	Ετοιμότητα	Γενική Γραμματεία Πολιτικής Προστασίας	-	-
S16	Έντονα καιρικά φαινόμενα, χιονοπτώσεις, παγετός	Ενημέρωση κοινού και παροχή οδηγιών για ενδεχόμενους κινδύνους από χιονοπτώσεις και παγετό	Περαιτέρω ενημέρωση του κοινού σε τοπικό επίπεδο	Ετοιμότητα	Περιφέρειες, Δήμοι, Αποκεντρωμένες Διοικήσεις	Δ/νση Πολιτικής Προστασίας Α/Δ, Δ/νση Πολιτικής Προστασίας των Περιφερειών, Γραφείο Πολιτικής Προστασίας Δήμων	-
S17	Έντονα καιρικά φαινόμενα, χιονοπτώσεις, παγετός	Ενημέρωση κοινού και παροχή οδηγιών για ενδεχόμενους κινδύνους από χιονοπτώσεις και παγετό	Ενημέρωση του κοινού για την επικρατούσα κατάσταση και την βατότητα του οδικού δικτύου από πλευράς χιονοπτώσεων και παγετού	Αντιμετώπιση	ΕΛ.ΑΣ	-	-
S18	Έντονα καιρικά φαινόμενα, χιονοπτώσεις, παγετός	Ενημέρωση κοινού και παροχή οδηγιών για ενδεχόμενους κινδύνους από χιονοπτώσεις και παγετό	Ενημέρωση των πολιτών για ζητήματα που αφορούν την λειτουργία και προστασία των οικιακών δικτύων ύδρευσης σε συνθήκες παγετού	Αντιμετώπιση	Φορείς ύδρευσης	-	-
S19	Έντονα καιρικά φαινόμενα, χιονοπτώσεις, παγετός	Αρχική αναγγελία – ειδοποίηση για έκτακτες ανάγκες λόγω χιονοπτώσεων και παγετού	Επίσημη ενημέρωση των φορέων για την επικρατούσα κατάσταση (ΚΕΠΠ, Δήμοι, Περιφέρειες, Α/Δ)	Αντιμετώπιση	ΕΛ.ΑΣ	-	Πυροσβεστικό Σώμα
S20	Έντονα καιρικά φαινόμενα, χιονοπτώσεις, παγετός	Αρχική αναγγελία – ειδοποίηση για έκτακτες ανάγκες λόγω χιονοπτώσεων και παγετού	Κινητοποίηση Γραφείων Πολιτικής Προστασίας, εφαρμογή των μνημονίων και επικοινωνία με λοιπούς φορείς	Αντιμετώπιση	Δήμοι	Γραφεία Πολιτικής Προστασίας των Δήμων	-
S21	Έντονα καιρικά φαινόμενα, χιονοπτώσεις, παγετός	Αρχική αναγγελία – ειδοποίηση για έκτακτες ανάγκες λόγω χιονοπτώσεων και παγετού	Κινητοποίηση Διεύθυνσης Πολιτικής Προστασίας, εφαρμογή των μνημονίων και επικοινωνία με λοιπούς φορείς	Αντιμετώπιση	Περιφέρειες	Δ/νση Πολιτικής Προστασίας των Περιφερειών	-
S22	Έντονα καιρικά φαινόμενα, χιονοπτώσεις, παγετός	Αρχική αναγγελία – ειδοποίηση για έκτακτες ανάγκες λόγω χιονοπτώσεων και παγετού	Οι παραλήπτες της αρχικής ειδοποίησης αναλαμβάνουν να ενημερώσουν τις αρμόδιες επιχειρησιακά εμπλεκόμενες οργανικές μονάδες του Φορέα τους	Αντιμετώπιση	Όλοι οι φορείς	Υπηρεσία Π.Π/ Αρμόδια υπηρεσία του κάθε φορέα	-
S23	Έντονα καιρικά φαινόμενα, χιονοπτώσεις, παγετός	Αρχική αναγγελία – ειδοποίηση για έκτακτες ανάγκες λόγω χιονοπτώσεων και παγετού	Επικοινωνία μεταξύ των εμπλεκομένων φορέων και με το ΚΕΠΠ	Αντιμετώπιση	Όλοι οι φορείς	-	-
S24	Έντονα καιρικά φαινόμενα, χιονοπτώσεις, παγετός	Αποχιονισμός	Αποχιονισμός στο Εθνικό και Επαρχιακό οδικό δίκτυο	Αντιμετώπιση	Περιφέρειες	Δ/νση Τεχνικών Έργων των Περιφερειών	-
S25	Έντονα καιρικά φαινόμενα, χιονοπτώσεις, παγετός	Έρευνα και διάσωση εξαιτίας χιονοπτώσεων και παγετού	Έρευνα και διάσωση ατόμων που η ζωή τους έχει περιέλθει σε κίνδυνο από την εκδήλωση χιονοπτώσεων και παγετού	Αντιμετώπιση	Π.Σ	-	Όλοι οι επιχειρησιακά εμπλεκόμενοι φορείς
S26	Έντονα καιρικά φαινόμενα, χιονοπτώσεις, παγετός	Έρευνα και διάσωση εξαιτίας χιονοπτώσεων και παγετού	Δράσεις προ νοσοκομειακής περίθαλψης ή διακομιδής των διασωθέντων ή απεγκλωβισμένων ατόμων σε υγειονομικές μονάδες	Αντιμετώπιση	ΕΚΑΒ	-	Κέντρο Επιχειρήσεων του ΕΚΕΠΥ, ΠΣ, ΕΛΑΣ, Φορείς Συντήρησης, Αποκεντρωμένα όργανα πολιτικής προστασίας
S27	Έντονα καιρικά φαινόμενα, χιονοπτώσεις, παγετός	Έρευνα και διάσωση εξαιτίας χιονοπτώσεων και παγετού	Απεγκλωβισμός και διάσωση οδηγών και επιβατών που η ζωή τους έχει τεθεί σε κίνδυνο από διακοπή της κυκλοφορίας στο οδικό δίκτυο λόγω χιονοπτώσεων ή παγετού	Αντιμετώπιση	Π.Σ	-	ΕΛ.ΑΣ, Φορείς Συντήρησης, Αποκεντρωμένα όργανα Πολιτικής Προστασίας
S28	Έντονα καιρικά φαινόμενα, χιονοπτώσεις, παγετός	Έρευνα και διάσωση εξαιτίας χιονοπτώσεων και παγετού	Απεγκλωβισμός και διάσωση επιβατών και εργαζομένων στο σιδηροδρομικό δίκτυο της χώρας εξ' αιτίας χιονόπτωσης ή παγετού	Αντιμετώπιση	Π.Σ	-	ΟΣΕ, ΤΡΑΙΝΟΣΕ
S29	Έντονα καιρικά φαινόμενα, χιονοπτώσεις, παγετός	Αποκατάσταση βλαβών σε δίκτυα κοινής ωφέλειας εξαιτίας χιονοπτώσεων και παγετού	Αποκατάσταση βλαβών σε δίκτυα μεταφοράς και διανομής ηλεκτρικής ενέργειας, εξ αιτίας χιονόπτωσης ή παγετού (διάθεση προσωπικού, υλικών και μέσων, κλπ.)	Αντιμετώπιση	ΑΔΜΗΕ - ΔΕΔΗΕ	-	-
S30	Έντονα καιρικά φαινόμενα, χιονοπτώσεις, παγετός	Αποκατάσταση βλαβών σε δίκτυα κοινής ωφέλειας εξαιτίας χιονοπτώσεων και παγετού	Αποκατάσταση βλαβών σε δίκτυα ύδρευσης	Αντιμετώπιση	ΕΥΔΑΠ, ΕΥΑΘ	-	-
S31	Έντονα καιρικά φαινόμενα, χιονοπτώσεις, παγετός	Διακοπή μαθημάτων	Διακοπή μαθημάτων λόγω χιονοπτώσεων και παγετού ως αρμοδιότητα του Δήμου εντός των διοικητικών του ορίων και αρμοδιότητα της Περιφέρειας εντός των διοικητικών της ορίων	Αντιμετώπιση	Δήμοι, Περιφέρειες	-	-
